BearID,Capture Date,YearCaptured,Popn,Sex,AgeClass,Mating,Denning,den_method,Lat,Long,NoCubs,CubAge,Urea Nitrogen,Creatinine
6091,19/04/1983,1983,SB,F,A,no,no,older cubs,70.5,-146.5,1,C1,20,0.5
6250,22/04/1983,1983,SB,M,A,unknown,no,NA,70.8833,-149.1,NA,NA,18.5,1.25
6093,23/04/1983,1983,SB,F,S,unknown,no,NA,70.6333,-145.2833,NA,NA,11.33,0.53
6094,23/04/1983,1983,SB,F,S,unknown,no,NA,70.6333,-145.2833,NA,NA,17,0.57
6222,24/04/1983,1983,SB,F,A,unknown,unknown,NA,70.3667,-144.7167,NA,NA,22.67,0.47
1916,24/04/1983,1983,SB,F,A,unknown,unknown,NA,70.3667,-144.7167,NA,NA,56.33,0.6
6095,29/04/1983,1983,SB,M,S,unknown,no,NA,69.9333,-140.8333,NA,NA,18.67,0.67
6157,29/04/1983,1983,SB,F,A,yes,unknown,NA,69.9333,-140.85,NA,NA,7.5,1.05
6096,29/04/1983,1983,SB,M,A,yes,no,NA,69.9333,-140.85,NA,NA,11,1.8
6098,30/04/1983,1983,SB,F,A,unknown,unknown,NA,70.0833,-141.1,NA,NA,45,0.75
2599,30/04/1983,1983,SB,M,A,unknown,no,NA,69.8667,-141.0333,NA,NA,33,1.25
6064,02/05/1983,1983,SB,F,S,unknown,no,NA,70.1333,-141.75,NA,NA,10,0.4
6065,05/05/1983,1983,SB,F,S,unknown,no,NA,70.25,-142.1,NA,NA,12.67,0.5
6212,07/05/1983,1983,SB,F,A,no,no,older cubs,71.3167,-151.0167,2,C1,35.25,0.38
6311,22/03/1984,1984,SB,F,A,yes,unknown,NA,71.6667,-156.3333,NA,NA,5.33,0.87
6312,22/03/1984,1984,SB,M,A,yes,no,NA,71.6667,-156.3333,NA,NA,4,1.25
6289,24/03/1984,1984,SB,M,A,yes,no,NA,71.6333,-157.75,NA,NA,10.33,0.67
6317,24/03/1984,1984,SB,F,A,yes,unknown,NA,71.6333,-157.75,NA,NA,11,0.9
6319,24/03/1984,1984,SB,M,A,unknown,no,NA,71.4833,-157.0333,NA,NA,6.5,1.3
6328,27/03/1984,1984,SB,M,S,unknown,no,NA,71.8667,-155.0833,NA,NA,9.5,1
1504,28/03/1984,1984,SB,F,A,no,no,older cubs,71.5333,-155.5333,1,C1,4.67,0.63
1871,28/03/1984,1984,SB,F,A,no,yes,coy,71.5667,-155.4167,2,C0,7.5,1.3
6212,08/04/1984,1984,SB,F,A,unknown,no,older cubs,70.3833,-140.3667,2,C2,5.5,0.7
6204,08/04/1984,1984,SB,F,A,no,yes,visual,70.1833,-142.4833,2,C0,18.67,0.63
6343,09/04/1984,1984,SB,M,S,unknown,no,NA,70.9333,-146.8333,NA,NA,26,0.47
1544,09/04/1984,1984,SB,F,A,yes,unknown,NA,70.6167,-147.0667,NA,NA,21,1.1
6345,09/04/1984,1984,SB,M,A,yes,no,NA,70.6167,-147.0667,NA,NA,4.5,1.4
9418,12/04/1984,1984,SB,F,A,yes,unknown,NA,70.2333,-134.7667,NA,NA,14,1.15
6244,04/05/1984,1984,SB,F,A,no,yes,visual,72.15,-149.1167,1,C0,9.5,0.6
1796,05/05/1984,1984,SB,F,A,no,no,older cubs,70.3167,-141.5833,1,C1,40,0.85
9415,05/05/1984,1984,SB,F,A,no,yes,coy,70.2,-140.8167,2,C0,5,0.85
6063,05/05/1984,1984,SB,F,A,no,yes,coy,71.3,-143.6833,2,C0,5.5,1.4
6157,05/05/1984,1984,SB,F,A,unknown,unknown,NA,71.2667,-146.1,NA,NA,15.33,0.47
1620,06/05/1984,1984,SB,F,A,unknown,unknown,NA,70.6167,-147.4167,NA,NA,23,0.75
6358,06/05/1984,1984,SB,M,S,unknown,no,NA,70.9333,-148.6333,NA,NA,16,0.9
1576,06/05/1984,1984,SB,M,A,yes,no,NA,70.7167,-148.1333,NA,NA,8,1
6230,07/05/1984,1984,SB,M,A,yes,no,NA,70.4667,-146.3667,NA,NA,4,1
6366,08/05/1984,1984,SB,F,S,unknown,no,NA,70.4667,-145.0167,NA,NA,18.5,0.7
6367,08/05/1984,1984,SB,F,S,yes,no,NA,70.55,-144,NA,NA,12,1
6450,14/03/1985,1985,SB,M,S,unknown,no,NA,70.6,-141.6667,NA,NA,6,0.85
6458,15/03/1985,1985,SB,F,A,unknown,no,older cubs,69.55,-138.5167,1,C2,69,1.25
6451,15/03/1985,1985,SB,M,A,unknown,no,NA,69.85,-138.8833,NA,NA,38.5,1.3
3707,17/03/1985,1985,SB,F,A,unknown,yes,visual,70.1333,-139.9667,NA,NA,6.67,1.1
6456,18/03/1985,1985,SB,F,A,yes,unknown,NA,70.6,-140.5,NA,NA,31,1
6374,21/03/1985,1985,SB,M,S,unknown,no,NA,70.75,-146.7,NA,NA,7.5,1.2
1600,26/03/1985,1985,SB,F,A,unknown,no,older cubs,70.7,-145.6,1,C2,12,1.23
6376,27/03/1985,1985,SB,F,A,unknown,unknown,NA,70.4,-140.33,NA,NA,17.33,1
6377,28/03/1985,1985,SB,F,S,unknown,no,NA,70.3667,-140.2833,NA,NA,7,0.9
6213,28/03/1985,1985,SB,M,S,unknown,no,NA,70.4167,-141.0333,NA,NA,8,1.5
6381,02/04/1985,1985,SB,F,A,unknown,yes,lactating,71.3167,-147.1667,NA,NA,7.5,0.7
6153,03/04/1985,1985,SB,F,A,unknown,no,older cubs,70.3,-143.8667,2,C2,11,1.2
6385,03/04/1985,1985,SB,F,S,unknown,no,NA,70.2,-143.15,NA,NA,3,0.45
6384,03/04/1985,1985,SB,F,A,unknown,unknown,NA,70.3167,-143.25,NA,NA,32.33,0.9
6386,06/04/1985,1985,SB,F,S,unknown,no,NA,70.1,-141.8167,NA,NA,7.5,0.75
6389,08/04/1985,1985,SB,F,S,unknown,no,NA,71.2333,-147.2333,NA,NA,17,1.35
6390,09/04/1985,1985,SB,F,S,unknown,no,NA,71.0667,-147.8667,NA,NA,6.5,0.75
6393,23/04/1985,1985,SB,M,S,unknown,no,NA,70.2667,-142.75,NA,NA,16,1.15
6392,23/04/1985,1985,SB,F,S,unknown,no,NA,70.3,-143.3333,NA,NA,10,1.25
6398,28/04/1985,1985,SB,F,A,no,yes,coy,70.3833,-147.6333,1,C0,12.33,0.57
6401,30/04/1985,1985,SB,M,A,unknown,no,NA,70.6667,-147.1833,NA,NA,26,1.4
6407,02/05/1985,1985,SB,F,A,unknown,unknown,NA,71.05,-149.2,NA,NA,11,0.85
6408,05/05/1985,1985,SB,F,S,unknown,no,NA,71.0167,-148.95,NA,NA,41.33,0.67
6204,06/05/1985,1985,SB,F,A,no,no,older cubs,70.5667,-145.55,1,C1,14.5,1.35
6409,06/05/1985,1985,SB,F,A,unknown,unknown,NA,70.7333,-147.1833,NA,NA,20,0.85
6063,15/05/1985,1985,SB,F,A,no,no,older cubs,71.0667,-147.7,1,C1,26.5,1.45
9974,03/04/1987,1987,SB,M,A,yes,no,NA,70.6,-140.05,NA,NA,1,1.15
6153,04/04/1987,1987,SB,F,A,unknown,unknown,NA,70.2667,-136.6833,NA,NA,28.5,0.85
697,06/04/1987,1987,SB,F,A,unknown,no,temp,69.4,-136.6,2,C2,7,0.8
6521,09/04/1987,1987,SB,F,A,no,no,older cubs,70.3,-143.6833,1,C1,19,1.05
6212,10/04/1987,1987,SB,F,A,unknown,no,temp,71.6,-151.9333,1,C2,5,0.87
6528,12/04/1987,1987,SB,F,A,no,no,older cubs,70.2,-143.0333,1,C1,11,0.67
6251,12/04/1987,1987,SB,F,A,no,no,older cubs,70.3833,-143.7167,2,C1,11.33,1.23
6529,12/04/1987,1987,SB,F,A,yes,unknown,NA,70.15,-142.5,NA,NA,6.33,0.73
6437,19/04/1987,1987,SB,M,S,yes,no,NA,71.0667,-146.1667,NA,NA,17.5,1.55
6387,20/04/1987,1987,SB,F,A,no,yes,coy,72.7,-156.45,2,C0,47.33,0.57
6538,21/04/1987,1987,SB,F,A,no,yes,coy,71.2,-157.7833,2,C0,9,0.8
6375,22/04/1987,1987,SB,F,A,no,no,older cubs,70.6333,-149.6167,1,C1,19,0.7
6544,23/04/1987,1987,CS,M,A,unknown,no,NA,70.75,-164.6167,NA,NA,10,2
6389,23/04/1987,1987,CS,F,A,yes,yes,temp,70.75,-164.6167,NA,NA,6.5,1.25
6358,24/04/1987,1987,SB,M,A,yes,no,NA,71.05,-157.55,NA,NA,11,1.2
6735,11/03/1988,1988,CS,F,A,unknown,no,older cubs,63.85,-172.1667,2,C2,5,1.05
6736,12/03/1988,1988,CS,F,A,unknown,no,older cubs,63.7667,-170.2833,1,C2,36,0.8
6740,14/03/1988,1988,CS,F,S,unknown,no,NA,63.3167,-168.7,NA,NA,22,0.75
6741,14/03/1988,1988,CS,F,A,yes,unknown,NA,63.6833,-168.5167,NA,NA,18.5,1
6743,15/03/1988,1988,CS,F,A,yes,unknown,NA,63.8667,-170.5,NA,NA,5,0.95
6747,18/03/1988,1988,CS,F,A,no,no,older cubs,66.5667,-166.25,1,C1,26,1.3
6744,18/03/1988,1988,CS,F,A,no,no,older cubs,66.75,-163.8667,2,C1,48,1.13
6750,19/03/1988,1988,CS,F,A,unknown,unknown,NA,66.7167,-165.7167,NA,NA,21,0.75
6749,19/03/1988,1988,CS,F,A,unknown,unknown,NA,66.5833,-165.5167,NA,NA,19.5,1
6529,22/03/1988,1988,SB,F,A,unknown,yes,visual,71.1,-148.1833,NA,NA,5,0.85
6551,23/03/1988,1988,SB,F,A,no,no,older cubs,71.1667,-147.8333,1,C1,45.67,1.23
6149,24/03/1988,1988,SB,F,A,unknown,unknown,NA,71.2667,-148.3833,NA,NA,17,0.8
6754,25/03/1988,1988,CS,F,A,unknown,no,older cubs,67.2833,-165.4167,1,C2,3,0.95
6757,28/03/1988,1988,CS,F,A,no,no,older cubs,69.3,-168.2333,1,C1,4.67,0.93
6521,30/03/1988,1988,CS,F,A,unknown,no,temp,69.2333,-163.9333,1,C2,30.5,1
6759,31/03/1988,1988,CS,F,A,unknown,unknown,NA,68.7333,-168.2,NA,NA,6,1.1
6761,01/04/1988,1988,CS,F,A,unknown,no,older cubs,69.75,-167.05,2,C2,7.5,1.5
6764,02/04/1988,1988,CS,F,A,unknown,unknown,NA,69.15,-166.1,NA,NA,6,0.9
6765,02/04/1988,1988,CS,F,S,unknown,no,NA,69.7833,-166.7833,NA,NA,4,1.15
6766,05/04/1988,1988,CS,F,A,no,no,older cubs,66.85,-166.3333,2,C1,28,0.8
6524,13/04/1988,1988,SB,F,A,no,yes,temp,70.05,-144.0833,1,C0,7.33,1
1734,15/04/1988,1988,SB,F,A,no,yes,coy,70.3,-143.5333,2,C0,4.5,0.9
6603,18/04/1988,1988,SB,F,A,unknown,unknown,NA,70.3667,-143.25,NA,NA,34.33,0.47
6602,18/04/1988,1988,SB,M,A,unknown,no,NA,70.4,-143.25,NA,NA,39.5,0.85
6418,20/04/1988,1988,SB,M,S,unknown,no,NA,70.95,-148.2833,NA,NA,13,0.65
6606,20/04/1988,1988,SB,F,A,unknown,unknown,NA,70.8333,-147.6333,NA,NA,8,1.05
6607,26/04/1988,1988,SB,M,S,unknown,no,NA,71.2,-147.667,NA,NA,6.5,1.1
6504,01/05/1988,1988,SB,F,A,no,no,older cubs,71.25,-151.9,1,C1,29,0.7
6611,01/05/1988,1988,SB,F,A,yes,unknown,NA,71.2,-153.8167,NA,NA,25,0.4
6614,04/05/1988,1988,SB,F,A,unknown,unknown,NA,70.6333,-147.1833,NA,NA,14,0.6
6615,04/05/1988,1988,SB,M,S,unknown,no,NA,70.7333,-146.3167,NA,NA,11,1.05
6248,06/05/1988,1988,SB,F,A,yes,unknown,NA,71.2167,-149.7667,NA,NA,9,0.67
1548,28/03/1989,1989,SB,F,A,no,no,older cubs,71.0167,-148.8667,1,C1,6,1
6686,29/03/1989,1989,SB,F,A,no,no,older cubs,71.3333,-151.3333,2,C1,7,1.1
1920,01/04/1989,1989,SB,F,A,no,yes,visual,70.6833,-147.7667,2,C0,4,1.35
6429,01/04/1989,1989,CS,F,A,yes,unknown,NA,69.8333,-163.3333,NA,NA,23,0.95
6775,01/04/1989,1989,CS,F,S,unknown,no,NA,70.5,-161.7833,NA,NA,25,0.95
6776,02/04/1989,1989,SB,M,A,unknown,no,NA,71.6,-156.8667,NA,NA,4.5,1.05
6427,02/04/1989,1989,SB,M,A,unknown,no,NA,71.3333,-157.3,NA,NA,2,1.5
6760,03/04/1989,1989,CS,F,A,yes,no,temp,70.7,-161.4,NA,NA,8,0.9
6779,05/04/1989,1989,CS,F,A,unknown,no,older cubs,70.45,-163.0333,2,C2,11,0.9
6778,05/04/1989,1989,CS,M,A,yes,no,NA,70.9,-163.0333,NA,NA,5,1.85
6754,05/04/1989,1989,CS,F,A,yes,yes,temp,70.9,-163.0333,NA,NA,8,1.05
6375,08/04/1989,1989,SB,F,A,no,yes,temp,69.9667,-138.2667,2,C0,4.5,1.05
6155,09/04/1989,1989,SB,F,A,no,yes,coy,69.65,-140.1,2,C0,22,1.15
6606,09/04/1989,1989,SB,F,A,no,yes,visual; temp,70.2167,-141.95,2,C0,5,1.05
6106,10/04/1989,1989,SB,F,A,no,yes,coy,70.6,-148.4333,2,C0,42,0.95
6783,10/04/1989,1989,SB,M,A,yes,no,NA,71.8,-157,NA,NA,11,1.35
6599,10/04/1989,1989,SB,F,S,unknown,no,temp,71.3,-149.0333,NA,NA,9,1.6
6280,11/04/1989,1989,SB,F,A,no,yes,coy,70.3333,-146.1833,1,C0,39.5,0.9
6285,11/04/1989,1989,CS,F,A,yes,unknown,NA,71,-160.1833,NA,NA,5.33,0.73
6220,13/04/1989,1989,SB,F,A,no,no,older cubs,70.75,-143.9667,1,C1,7,0.9
6790,14/04/1989,1989,SB,M,A,yes,no,NA,71.1667,-158.2833,NA,NA,8,1.45
6788,14/04/1989,1989,SB,M,A,yes,no,NA,71.3,-157.8167,NA,NA,8,1.7
6201,15/04/1989,1989,SB,F,A,no,yes,visual; temp,70.6167,-146.2167,2,C0,11,1.1
6521,15/04/1989,1989,SB,F,A,unknown,no,temp,70.3167,-141.6167,NA,NA,46.5,1.1
6734,19/04/1989,1989,CS,F,S,unknown,no,temp,69.1333,-169.9167,NA,NA,2.5,0.9
6792,02/03/1990,1990,CS,F,A,no,no,older cubs,64.12,-171.02,2,C1,6.33,1.1
6795,02/03/1990,1990,CS,M,A,unknown,no,NA,63.5,-171.06,NA,NA,4,1.5
6796,03/03/1990,1990,CS,F,A,unknown,no,older cubs,64.04,-169.42,1,C2,9.33,1.03
6798,04/03/1990,1990,CS,M,A,unknown,no,NA,64.15,-170.52,NA,NA,19.5,1.15
6799,05/03/1990,1990,CS,F,A,no,no,visual,63.49,-169.15,2,C1,5,1.05
6802,06/03/1990,1990,CS,F,A,no,no,older cubs,63.43,-172.15,1,C1,14.5,1.3
6805,08/03/1990,1990,CS,M,S,unknown,no,NA,64.01,-170.07,NA,NA,6,1.2
6804,08/03/1990,1990,CS,F,S,unknown,no,NA,63.48,-170.04,NA,NA,6.5,1.4
6806,10/03/1990,1990,CS,F,A,no,no,older cubs,64,-166.55,2,C1,14,1.05
6791,10/03/1990,1990,CS,F,A,unknown,unknown,NA,64.02,-166.47,NA,NA,4.5,0.85
6862,14/03/1990,1990,CS,F,A,unknown,no,older cubs,64.22,-171.08,1,C2,4,0.9
6876,02/03/1991,1991,CS,F,A,unknown,no,temp,62.46,-169.27,NA,NA,8,1.55
6881,04/03/1991,1991,CS,F,A,no,no,temp,64.23,-169.14,2,C1,7,1.2
6886,07/03/1991,1991,CS,F,A,unknown,unknown,NA,63.53,-169.51,NA,NA,25,1.1
6875,08/03/1991,1991,CS,F,A,unknown,no,temp,64.13,-167.28,NA,NA,24,0.9
6285,19/03/1991,1991,CS,F,A,unknown,unknown,NA,69.4833,-165.4833,NA,NA,9.33,0.67
1920,20/03/1991,1991,CS,F,A,unknown,no,older cubs,66.9667,-164.333,2,C2,40,0.7
6791,20/03/1991,1991,CS,F,A,unknown,unknown,NA,66.36,-168.38,NA,NA,11.5,1.45
6365,28/03/1991,1991,SB,F,A,unknown,unknown,NA,70.8667,-145.6167,NA,NA,6.5,0.7
6487,29/03/1991,1991,SB,F,S,unknown,no,NA,70.3667,-143.3167,NA,NA,7,1
6489,30/03/1991,1991,SB,F,A,no,no,older cubs,70.2167,-143.8,2,C1,19.5,1.1
6488,30/03/1991,1991,SB,F,A,unknown,yes,lactating,71.0833,-147.8167,NA,NA,18.5,1.15
6222,31/03/1991,1991,SB,F,A,no,no,older cubs,70.2667,-143.3333,1,C1,4,0.9
6654,31/03/1991,1991,SB,M,S,unknown,no,NA,70.2,-142.6667,NA,NA,6,1.15
6677,04/04/1991,1991,SB,F,S,unknown,no,NA,70.8,-148.4333,NA,NA,27.5,0.95
6837,06/04/1991,1991,SB,F,A,yes,unknown,NA,70.8167,-148.9667,NA,NA,9,1
20313,06/04/1991,1991,SB,M,A,yes,no,NA,70.8167,-148.9667,NA,NA,8,1.65
1737,07/04/1991,1991,SB,F,A,no,no,older cubs,70.2833,-143.6,1,C1,35,1.2
6280,07/04/1991,1991,SB,F,A,unknown,unknown,NA,70.05,-140.2833,NA,NA,13,1
9843,08/04/1991,1991,SB,F,A,no,no,older cubs,70.3,-143.1167,2,C1,11.5,1.4
1541,08/04/1991,1991,SB,F,A,yes,unknown,NA,70.6667,-139.8333,NA,NA,7,1.45
6259,08/04/1991,1991,SB,M,A,yes,no,NA,70.6667,-139.8333,NA,NA,9.5,1.65
6843,10/04/1991,1991,SB,M,S,unknown,no,NA,70.7667,-149.2,NA,NA,10,0.9
6372,11/04/1991,1991,SB,F,A,no,no,older cubs,70.4167,-145.0333,2,C1,16.5,0.75
6606,11/04/1991,1991,SB,F,A,unknown,unknown,NA,70.1167,-145.0333,NA,NA,35.5,1.2
6384,13/04/1991,1991,SB,F,A,no,yes,coy,70.0167,-149.5,1,C0,3,1.45
10111,13/04/1991,1991,SB,F,A,no,yes,visual,70.0333,-142.6333,1,C0,3,1.3
6912,11/03/1992,1992,CS,F,A,no,no,older cubs,64.15,-169.57,2,C1,3.5,0.75
6922,16/03/1992,1992,CS,F,A,no,no,older cubs,71.6,-160.2833,2,C1,3.5,1.05
6925,20/03/1992,1992,CS,F,A,unknown,unknown,NA,70.5333,-162.3167,NA,NA,30,0.8
6926,20/03/1992,1992,CS,M,S,unknown,no,NA,70.5333,-162.3167,NA,NA,22.5,0.9
6846,21/03/1992,1992,CS,F,A,no,no,older cubs,70.75,-160.65,2,C1,6,1.25
6927,21/03/1992,1992,CS,F,A,yes,unknown,NA,70.7,-160.2833,NA,NA,2.6,1.08
6928,21/03/1992,1992,CS,F,A,yes,unknown,NA,70.75,-160.3833,NA,NA,3.5,1.1
6932,22/03/1992,1992,CS,F,A,unknown,no,older cubs,70.3833,-162.1833,1,C2,26,1.05
6934,22/03/1992,1992,CS,F,A,yes,unknown,NA,70.8167,-161.25,NA,NA,8.5,1.3
6182,28/03/1992,1992,SB,F,A,no,yes,visual,70.0833,-147.0167,2,C0,6,1
6524,28/03/1992,1992,SB,F,A,no,yes,visual,70.5167,-147.0167,2,C0,6,1.05
20328,28/03/1992,1992,SB,M,A,unknown,no,NA,70.65,-148.0333,NA,NA,10,1.45
6146,31/03/1992,1992,SB,F,A,no,yes,visual,70.2833,-145.75,3,C0,9,0.9
20333,01/04/1992,1992,SB,F,A,yes,unknown,NA,70.5333,-146.5,NA,NA,9,1.1
6606,02/04/1992,1992,SB,F,A,no,yes,coy,70.1833,-144.333,1,C0,4.5,1.6
6390,03/04/1992,1992,SB,F,A,no,no,older cubs,70.35,-147.95,2,C1,26,0.85
6094,04/04/1992,1992,SB,F,A,no,no,older cubs,71.4,-148.6167,2,C1,8.5,1.4
20346,04/04/1992,1992,SB,M,A,yes,no,NA,70.5167,-147.9667,NA,NA,26.5,1.45
6345,07/04/1992,1992,SB,M,A,unknown,no,NA,70.95,-145.9,NA,NA,38,1.05
20351,09/04/1992,1992,SB,F,A,no,yes,coy,71.0833,-150.9833,2,C0,7.67,1.6
6157,09/04/1992,1992,SB,F,A,no,no,older cubs,70.5833,-148.05,2,C1,57,1.05
6343,09/04/1992,1992,SB,M,A,unknown,no,NA,71.05,-152.2,NA,NA,7,1.6
20355,10/04/1992,1992,SB,M,A,unknown,no,NA,71.1,-152.8333,NA,NA,9.5,1.15
6842,13/04/1992,1992,SB,F,A,no,no,older cubs,71.25,-148.8333,2,C1,8,1.3
1311,13/04/1992,1992,SB,M,A,unknown,no,NA,70.9333,-149.0833,NA,NA,5,1.35
1541,14/04/1992,1992,SB,F,A,no,yes,visual,70.2833,-145.4333,2,C0,9,1.15
6280,14/04/1992,1992,SB,F,A,yes,unknown,NA,70.2667,-143.3833,NA,NA,7,0.7
6384,15/04/1992,1992,SB,F,A,no,no,temp,71.4,-147.7667,1,C1,7,1
6520,18/04/1992,1992,SB,F,A,no,yes,coy,70.9,-145.2333,1,C0,30,0.85
6980,18/04/1992,1992,CS,F,A,no,yes,coy,69.42,-163.56,2,C0,20,0.9
6521,20/04/1992,1992,SB,F,A,yes,unknown,NA,71.0833,-150.7833,NA,NA,7.5,1.1
20364,20/04/1992,1992,SB,M,A,yes,no,NA,71.0833,-150.7833,NA,NA,6,2
6489,21/05/1992,1992,SB,F,A,unknown,no,temp,70.6167,-144.6667,NA,NA,23,0.55
6953,27/02/1993,1993,CS,F,A,no,no,temp,63.2,-173.13,1,C1,3,1.23
6951,01/03/1993,1993,CS,F,A,no,no,temp,67.13,-167.01,1,C1,2.5,1
6950,01/03/1993,1993,CS,F,A,no,no,temp,67.16,-168.43,2,C1,3.5,1.4
6984,08/03/1993,1993,CS,M,A,yes,no,NA,71.16,-167.46,NA,NA,2,1.6
6940,08/03/1993,1993,CS,F,A,yes,no,temp,71.16,-167.46,NA,NA,4,1.15
6993,08/04/1993,1993,CS,F,A,yes,yes,visual,70.44,-165.3,NA,NA,6,0.95
6994,12/04/1993,1993,CS,F,A,no,yes,coy,71.36,-163.16,2,C0,15.5,1.1
6930,15/04/1998,1998,SB,F,A,unknown,no,older cubs,70.9333,-147.4,1,C2,8.5,1.5
6520,15/04/1998,1998,SB,F,A,unknown,no,temp,71.3167,-151.35,NA,NA,7,0.9
6524,16/04/1998,1998,SB,F,A,no,yes,visual,70.7205,-143.759,2,C0,9.67,1
5809,16/04/1998,1998,SB,F,A,unknown,unknown,NA,70.7742,-140.9513,NA,NA,38,1.05
20335,19/04/1998,1998,SB,F,A,unknown,no,older cubs,70.2333,-137.2,1,C2,14.5,0.65
20419,19/04/1998,1998,SB,F,A,no,yes,visual; temp,69.7667,-140.8333,2,C0,18.5,1
20441,20/04/1998,1998,SB,F,A,unknown,unknown,NA,70.1667,-142.4,NA,NA,5,1
6384,21/04/1998,1998,SB,F,A,unknown,unknown,NA,71.3,-147.2833,NA,NA,10.5,0.8
20444,23/04/1998,1998,SB,F,A,unknown,unknown,NA,71.3167,-147.8667,NA,NA,21,0.4
9970,23/04/1998,1998,SB,M,A,yes,no,NA,70.8713,-148.2762,NA,NA,9.5,1.5
6222,25/04/1998,1998,SB,F,A,yes,unknown,NA,70.5693,-146.0292,NA,NA,18.5,0.65
20445,25/04/1998,1998,SB,F,A,yes,unknown,NA,71.238,-145.8952,NA,NA,31.5,0.9
20409,03/04/1999,1999,SB,F,A,no,yes,visual,70.0115,-143.0455,2,C0,5,1.45
20454,04/04/1999,1999,SB,M,A,unknown,no,NA,70.4833,-147.9833,NA,NA,12,0.8
20452,04/04/1999,1999,SB,F,A,yes,unknown,NA,70.4833,-147.9833,NA,NA,26.33,1.03
20453,04/04/1999,1999,SB,M,A,yes,no,NA,70.4833,-147.9833,NA,NA,9,1.2
20456,06/04/1999,1999,SB,F,A,no,yes,visual,70.2833,-147.2,2,C0,6,1.2
20459,07/04/1999,1999,SB,F,A,no,yes,visual,70.5668,-149.4548,2,C0,4,1.2
20462,07/04/1999,1999,SB,F,A,yes,unknown,NA,70.55,-148.4833,NA,NA,5.5,1.2
20463,13/04/1999,1999,SB,M,A,unknown,no,NA,70.5881,-148.7452,NA,NA,27.5,0.8
9965,14/04/1999,1999,SB,F,A,unknown,no,older cubs,70.7965,-147.8376,1,C2,17,1.2
20465,14/04/1999,1999,SB,F,A,unknown,unknown,NA,70.5916,-147.3128,NA,NA,11.5,0.85
20466,18/04/1999,1999,SB,M,S,unknown,no,NA,70.532,-147.8927,NA,NA,19,0.6
20415,18/04/1999,1999,SB,F,S,unknown,no,NA,70.2924,-143.6188,NA,NA,38,0.6
20467,18/04/1999,1999,SB,M,A,unknown,no,NA,70.532,-146.5071,NA,NA,7,1
20436,18/04/1999,1999,SB,F,A,unknown,no,temp,70.532,-146.5071,NA,NA,5,1.03
6488,21/04/1999,1999,SB,F,A,unknown,unknown,NA,71.0641,-149.8808,NA,NA,9,0.65
20473,21/04/1999,1999,SB,M,A,yes,no,NA,71.0766,-149.7817,NA,NA,24.5,1.25
20468,22/04/1999,1999,SB,M,A,unknown,no,NA,70.5033,-146.2569,NA,NA,47,1.1
20475,24/04/1999,1999,SB,M,A,unknown,no,NA,70.6442,-147.7489,NA,NA,13.5,0.9
20478,25/04/1999,1999,SB,M,S,unknown,no,NA,70.0813,-142.5919,NA,NA,6.5,0.6
20354,25/04/1999,1999,SB,F,A,unknown,unknown,NA,70.5855,-147.0881,NA,NA,36,0.85
6520,26/04/1999,1999,SB,F,A,no,yes,coy,70.7463,-149.1909,2,C0,6,1.1
20373,26/04/1999,1999,SB,F,A,unknown,unknown,NA,70.612,-148.174,NA,NA,35.5,0.85
6843,29/04/1999,1999,SB,M,A,unknown,no,NA,70.6813,-149.0763,NA,NA,16.5,1.35
6255,04/05/1999,1999,SB,F,A,unknown,unknown,NA,70.6436,-147.5175,NA,NA,48.5,0.55
20485,05/05/1999,1999,SB,F,A,unknown,unknown,NA,70.4934,-147.9804,NA,NA,30.5,0.65
20487,06/05/1999,1999,SB,M,A,unknown,no,NA,70.4039,-147.5461,NA,NA,11.5,0.7
20486,06/05/1999,1999,SB,M,A,unknown,no,NA,70.5575,-146.3376,NA,NA,21.5,0.8
20459,17/03/2000,2000,SB,F,A,no,yes,coy,70.5136,-149.1389,1,C0,4,0.95
20483,31/03/2000,2000,SB,F,A,unknown,no,temp,70.478,-147.951,NA,NA,30.5,0.7
20510,01/04/2000,2000,SB,F,S,unknown,no,NA,70.4925,-147.9835,NA,NA,14,0.85
6838,03/04/2000,2000,SB,F,A,no,yes,coy,70.3457,-146.8986,2,C0,7,1.2
20445,06/04/2000,2000,SB,F,A,no,yes,coy,71.069,-147.7137,2,C0,8,1.05
20502,07/04/2000,2000,SB,F,A,no,yes,visual,70.0064,-146.2895,1,C0,3,1.25
20418,08/04/2000,2000,SB,F,A,no,yes,visual,70.557,-149.4614,1,C0,4.67,1.33
20442,08/04/2000,2000,SB,F,A,no,yes,coy,70.6743,-146.8995,2,C0,5,1.2
20444,09/04/2000,2000,SB,F,A,no,yes,coy,70.376,-143.3733,2,C0,6.67,1.23
20330,09/04/2000,2000,SB,F,A,unknown,yes,temp,70.1667,-144.5273,NA,NA,27,1
6559,12/04/2000,2000,SB,F,A,no,yes,coy,69.96,-141.8174,1,C0,18,1.1
20523,14/04/2000,2000,SB,F,A,yes,unknown,NA,70.5748,-147.9945,NA,NA,28,0.85
20436,17/04/2000,2000,SB,F,A,no,yes,coy,71.0247,-146.0146,2,C0,45,0.75
20424,24/04/2000,2000,SB,M,S,unknown,no,NA,70.461,-147.586,NA,NA,29,1
20091,26/04/2000,2000,SB,M,A,unknown,no,NA,70.6671,-147.2929,NA,NA,7.5,1
20527,26/04/2000,2000,SB,F,A,unknown,unknown,NA,70.5161,-147.4374,NA,NA,9.5,1.05
20345,23/03/2001,2001,SB,F,A,no,no,older cubs,70.7484,-148.1546,1,C1,19.67,1.2
20303,28/03/2001,2001,SB,F,A,no,yes,visual,70.5565,-149.583,2,C0,5,1.57
20537,29/03/2001,2001,SB,F,A,yes,unknown,NA,70.3397,-143.2863,NA,NA,5,1.05
20538,29/03/2001,2001,SB,M,A,yes,no,NA,70.3397,-143.2863,NA,NA,5,1.5
20419,30/03/2001,2001,SB,F,A,unknown,unknown,NA,70.2887,-145.7698,NA,NA,25,0.9
20539,04/04/2001,2001,SB,M,A,unknown,no,NA,70.2218,-143.7571,NA,NA,8.5,1.25
9849,05/04/2001,2001,SB,M,A,yes,no,NA,70.2838,-145.5308,NA,NA,3,1.5
20510,06/04/2001,2001,SB,F,A,unknown,unknown,NA,70.623,-146.5351,NA,NA,8.5,1.4
20374,06/04/2001,2001,SB,M,A,yes,no,NA,70.6438,-146.2628,NA,NA,6,1.75
20541,07/04/2001,2001,SB,M,S,unknown,no,NA,70.5535,-145.736,NA,NA,5.5,0.95
20091,07/04/2001,2001,SB,M,A,yes,no,NA,70.0196,-143.905,NA,NA,5.5,1
20121,07/04/2001,2001,SB,M,A,yes,no,NA,70.6943,-147.1727,NA,NA,5,1.45
6700,08/04/2001,2001,SB,F,A,no,yes,temp,70.5075,-146.652,1,C0,2,0.95
20465,08/04/2001,2001,SB,F,A,no,no,older cubs,70.927,-148.4072,2,C1,6,0.9
20547,08/04/2001,2001,SB,F,A,no,no,older cubs,70.3602,-141.4099,2,C1,12,0.95
20126,08/04/2001,2001,SB,M,A,unknown,no,NA,70.9087,-147.5276,NA,NA,5,1.1
20413,09/04/2001,2001,SB,F,S,unknown,no,NA,70.3015,-145.4205,NA,NA,36.5,1
20550,09/04/2001,2001,SB,M,S,unknown,no,NA,70.4296,-144.456,NA,NA,25.5,1.15
20354,10/04/2001,2001,SB,F,A,no,no,older cubs,70.404,-144.9544,2,C1,17,0.75
20551,11/04/2001,2001,SB,F,A,yes,unknown,NA,70.6711,-141.5805,NA,NA,6,1.3
20552,11/04/2001,2001,SB,M,A,yes,no,NA,70.6711,-141.5805,NA,NA,4,2.05
20131,12/04/2001,2001,SB,F,A,no,yes,coy,70.3208,-144.0123,2,C0,24.5,0.85
20497,12/04/2001,2001,SB,M,A,unknown,no,NA,70.2937,-143.0333,NA,NA,5.5,0.95
20556,14/04/2001,2001,SB,M,A,yes,no,NA,70.7173,-147.8714,NA,NA,2,1.4
20555,14/04/2001,2001,SB,M,A,yes,no,NA,70.649,-146.354,NA,NA,3.5,1.65
20557,16/04/2001,2001,SB,F,S,unknown,no,NA,70.8213,-148.7672,NA,NA,6.5,0.8
6493,17/04/2001,2001,SB,M,A,unknown,no,NA,70.5872,-144.8402,NA,NA,22.5,1.55
20379,20/04/2001,2001,SB,M,A,unknown,no,NA,70.5325,-145.6864,NA,NA,10.5,1.25
20558,22/04/2001,2001,SB,M,A,unknown,no,NA,70.7371,-145.5371,NA,NA,8,1.6
6160,25/04/2001,2001,SB,F,A,no,yes,coy,70.5107,-141.0177,1,C0,4.5,0.85
20560,26/04/2001,2001,SB,F,S,unknown,no,NA,70.3944,-143.2732,NA,NA,5,0.9
20561,27/04/2001,2001,SB,M,A,unknown,no,NA,70.4788,-147.9843,NA,NA,51.5,1.3
20144,19/03/2002,2002,SB,M,S,unknown,no,NA,70.7107,-147.9265,NA,NA,35,1.15
20441,20/03/2002,2002,SB,F,A,unknown,no,older cubs,71.1564,-153.1997,1,C2,4.5,1.45
20330,03/04/2002,2002,SB,F,A,no,yes,coy,70.4474,-147.1383,2,C0,6,1.05
20164,06/04/2002,2002,SB,F,A,no,no,older cubs,70.9196,-147.8254,1,C1,5,1.55
20564,06/04/2002,2002,SB,F,A,no,yes,coy,71.2793,-147.4972,2,C0,4,1.2
20597,07/04/2002,2002,SB,F,A,no,yes,coy,70.9208,-147.8606,2,C0,7,1.5
20169,07/04/2002,2002,SB,M,A,unknown,no,NA,71.0372,-148.0084,NA,NA,3.5,0.95
20171,10/04/2002,2002,SB,F,A,no,no,older cubs,71.2378,-149.8897,1,C1,5.33,1
20414,10/04/2002,2002,SB,F,A,yes,unknown,NA,71.0458,-149.9717,NA,NA,5.5,0.75
20173,10/04/2002,2002,SB,M,A,yes,no,NA,71.0458,-149.9717,NA,NA,11,1.85
6842,11/04/2002,2002,SB,F,A,yes,unknown,NA,70.7461,-147.9889,NA,NA,8.5,1.35
20174,11/04/2002,2002,SB,M,A,yes,no,NA,70.7461,-147.9889,NA,NA,5,1.5
20178,12/04/2002,2002,SB,M,S,unknown,no,NA,70.7754,-148.0566,NA,NA,27,1.2
20181,12/04/2002,2002,SB,M,A,unknown,no,NA,70.9974,-149.5043,NA,NA,5.5,1.3
20475,12/04/2002,2002,SB,M,A,unknown,no,NA,70.6673,-147.6738,NA,NA,7,1.6
20479,13/04/2002,2002,SB,F,S,unknown,no,NA,70.2357,-145.3964,NA,NA,5.5,0.6
9849,14/04/2002,2002,SB,M,A,yes,no,NA,70.9095,-151.2585,NA,NA,6.5,1.3
20184,14/04/2002,2002,SB,M,A,yes,no,NA,71.2404,-152.4321,NA,NA,4.5,1.5
20187,15/04/2002,2002,SB,F,S,unknown,no,NA,71.0763,-150.929,NA,NA,4,1
20189,15/04/2002,2002,SB,M,A,yes,no,NA,71.4223,-151.5702,NA,NA,22.5,1.4
20186,15/04/2002,2002,SB,M,A,yes,no,NA,71.0578,-150.8991,NA,NA,16,1.5
20190,16/04/2002,2002,SB,F,A,unknown,no,older cubs,70.784,-148.832,2,C2,22,0.85
6520,19/04/2002,2002,SB,F,A,no,yes,coy,71.24,-153.0891,2,C0,3,1.2
20196,19/04/2002,2002,SB,F,A,no,no,older cubs,70.9555,-150.1636,2,C1,10,0.7
20199,19/04/2002,2002,SB,M,A,unknown,no,NA,71.1551,-152.9393,NA,NA,17,1.7
20203,20/04/2002,2002,SB,F,S,unknown,no,NA,71.2557,-154.3484,NA,NA,37,0.85
20205,20/04/2002,2002,SB,M,A,yes,no,NA,71.1962,-153.6522,NA,NA,4,1.2
20208,21/04/2002,2002,SB,F,A,no,yes,coy,71.46,-154.479,2,C0,10,1.5
20207,21/04/2002,2002,SB,M,A,unknown,no,NA,71.3703,-153.3042,NA,NA,21.5,1.05
20213,22/04/2002,2002,SB,F,S,unknown,no,NA,71.3267,-153.0353,NA,NA,1,0.9
20214,22/04/2002,2002,SB,F,A,yes,unknown,NA,71.2433,-152.8917,NA,NA,7.5,1
20215,22/04/2002,2002,SB,M,S,yes,no,NA,71.2433,-152.8917,NA,NA,7.5,1.55
20216,23/04/2002,2002,SB,M,A,unknown,no,NA,71.512,-152.3792,NA,NA,13,1.45
20632,18/03/2003,2003,SB,F,A,unknown,no,older cubs,70.9111,-146.0077,2,C2,7,1.35
20298,20/03/2003,2003,SB,M,A,unknown,no,NA,71.575,-155.3247,NA,NA,9.5,1.65
20291,21/03/2003,2003,SB,M,A,unknown,no,NA,71.6396,-156.1898,NA,NA,2,1.75
6524,24/03/2003,2003,SB,F,A,unknown,no,temp,71.396,-157.7471,1,C2,7.5,1.05
20293,24/03/2003,2003,SB,M,A,unknown,no,NA,71.4436,-157.6214,NA,NA,4.5,1.15
20221,25/03/2003,2003,SB,F,S,unknown,no,NA,71.4536,-156.4237,NA,NA,6,1.05
20294,25/03/2003,2003,SB,M,A,unknown,no,NA,71.5011,-156.6469,NA,NA,16,1.35
20296,26/03/2003,2003,SB,M,A,unknown,no,NA,71.5179,-156.0891,NA,NA,4,0.65
20222,26/03/2003,2003,SB,F,A,yes,unknown,NA,71.564,-155.6572,NA,NA,7.5,1.05
20223,27/03/2003,2003,SB,F,A,yes,unknown,NA,71.5165,-155.9643,NA,NA,11,0.8
20600,28/03/2003,2003,SB,F,A,no,yes,coy,70.977,-153.5866,2,C0,12,1.25
20603,28/03/2003,2003,SB,M,A,unknown,no,NA,71.6234,-154.2117,NA,NA,1,1.5
20224,29/03/2003,2003,SB,F,A,no,no,older cubs,71.6142,-154.786,1,C1,3,0.95
20606,29/03/2003,2003,SB,M,A,unknown,no,NA,71.6165,-155.0578,NA,NA,3,1
20604,29/03/2003,2003,SB,M,A,unknown,no,NA,71.4188,-156.5409,NA,NA,24,1.05
20597,02/04/2003,2003,SB,F,A,no,yes,coy,70.8392,-151.4392,2,C0,8,1.65
20502,03/04/2003,2003,SB,F,A,no,no,older cubs,70.9579,-146.4001,1,C1,24,0.85
20611,06/04/2003,2003,SB,M,S,unknown,no,NA,70.8008,-147.8015,NA,NA,12,0.85
20452,07/04/2003,2003,SB,F,A,no,yes,coy,70.5613,-148.4238,2,C0,2,1.1
20481,07/04/2003,2003,SB,M,A,yes,no,NA,71.0242,-148.7746,NA,NA,1,1.4
20527,08/04/2003,2003,SB,F,A,no,no,temp,70.7596,-147.7626,1,C1,5,1.45
20437,09/04/2003,2003,SB,M,A,unknown,no,NA,71.0709,-149.3652,NA,NA,9,1.45
20441,11/04/2003,2003,SB,F,A,no,yes,coy,71.0603,-151.7005,2,C0,25.5,1.05
20230,15/04/2003,2003,SB,F,A,no,yes,coy,70.5867,-146.9961,2,C0,1,0.8
20231,15/04/2003,2003,SB,F,A,yes,unknown,NA,70.6566,-146.802,NA,NA,13,1
20624,15/04/2003,2003,SB,M,A,unknown,no,NA,70.6668,-146.8745,NA,NA,24,1.05
20629,16/04/2003,2003,SB,F,A,no,yes,coy,70.4916,-144.9511,1,C0,10,1
20628,16/04/2003,2003,SB,M,A,unknown,no,NA,70.6354,-146.2584,NA,NA,3,1.4
20627,16/04/2003,2003,SB,M,A,unknown,no,NA,70.5658,-145.2485,NA,NA,26,1.6
20631,18/04/2003,2003,SB,M,S,yes,no,NA,70.9005,-145.9604,NA,NA,4.5,1.35
20637,20/04/2003,2003,SB,M,A,yes,no,NA,70.7727,-141.8666,NA,NA,3,1.3
20635,20/04/2003,2003,SB,F,A,yes,unknown,NA,70.7727,-141.8666,NA,NA,6,1.3
20636,20/04/2003,2003,SB,M,A,yes,no,NA,70.7727,-141.8666,NA,NA,3.5,1.45
20642,21/04/2003,2003,SB,M,A,unknown,no,NA,71.0277,-147.1788,NA,NA,25,0.8
20232,21/04/2003,2003,SB,F,A,yes,unknown,NA,70.7299,-147.9767,NA,NA,3,0.9
20178,21/04/2003,2003,SB,M,S,unknown,no,NA,71.1151,-147.0677,NA,NA,6,0.95
20640,21/04/2003,2003,SB,M,A,unknown,no,NA,70.9381,-147.0491,NA,NA,18,1.05
20639,21/04/2003,2003,SB,M,A,unknown,no,NA,70.9093,-147.1556,NA,NA,6,1.35
20638,21/04/2003,2003,SB,M,A,yes,no,NA,70.7299,-147.9767,NA,NA,3,1.6
20480,25/04/2003,2003,SB,F,S,unknown,no,NA,70.8803,-150.3784,NA,NA,15,0.8
20413,28/04/2003,2003,SB,F,A,no,yes,coy,70.2335,-143.3668,2,C0,8,1.1
20525,28/04/2003,2003,SB,F,S,unknown,no,NA,70.4108,-142.572,NA,NA,10.5,0.8
20553,28/04/2003,2003,SB,M,S,unknown,no,NA,70.475,-144.0779,NA,NA,6,1.15
20649,01/05/2003,2003,SB,M,A,unknown,no,NA,70.1047,-142.5673,NA,NA,11.5,1.3
20655,26/03/2004,2004,SB,F,S,unknown,no,NA,71.5817,-155.4148,NA,NA,9.5,0.7
20656,26/03/2004,2004,SB,F,A,unknown,unknown,NA,71.4714,-155.4647,NA,NA,4,0.8
20213,26/03/2004,2004,SB,F,A,unknown,unknown,NA,71.4519,-155.8404,NA,NA,13.5,1.25
20189,26/03/2004,2004,SB,M,A,unknown,no,NA,71.3854,-156.0057,NA,NA,12.5,1.3
20662,28/03/2004,2004,SB,M,S,unknown,no,NA,71.4739,-155.8843,NA,NA,7,1.1
20356,31/03/2004,2004,SB,F,A,unknown,no,older cubs,71.6869,-156.2154,2,C2,31,1.15
20666,31/03/2004,2004,SB,F,S,unknown,no,NA,71.406,-156.6831,NA,NA,44.5,0.9
20125,31/03/2004,2004,SB,M,S,unknown,no,NA,71.5167,-156.2256,NA,NA,27,1.4
20668,31/03/2004,2004,SB,M,S,yes,no,NA,71.5766,-156.3551,NA,NA,3,1.75
20294,02/04/2004,2004,SB,M,A,unknown,no,NA,71.4614,-156.3657,NA,NA,18.5,1.35
20144,02/04/2004,2004,SB,M,A,unknown,no,NA,70.5241,-146.489,NA,NA,24.5,1.6
20674,02/04/2004,2004,SB,M,A,unknown,no,NA,71.5133,-155.0144,NA,NA,10,1.65
9412,03/04/2004,2004,SB,F,A,unknown,no,older cubs,71.5447,-156.2068,1,C2,16,1.25
6336,04/04/2004,2004,SB,F,A,no,no,older cubs,71.4967,-153.994,2,C1,4.5,0.9
20681,04/04/2004,2004,SB,F,S,unknown,no,NA,71.3467,-155.6719,NA,NA,6,1.25
20682,04/04/2004,2004,SB,F,S,unknown,no,NA,71.0683,-153.87,NA,NA,19.5,1.6
20211,05/04/2004,2004,SB,F,A,no,no,older cubs,71.301,-154.1332,1,C1,9,1.2
20685,05/04/2004,2004,SB,F,S,unknown,no,NA,71.1739,-153.1021,NA,NA,7,1.15
20686,05/04/2004,2004,SB,M,A,yes,no,NA,71.1739,-153.1021,NA,NA,6,1.95
20695,07/04/2004,2004,SB,M,A,unknown,no,NA,71.1497,-152.7532,NA,NA,1,1.25
20699,09/04/2004,2004,SB,F,S,unknown,no,NA,70.4898,-147.9882,NA,NA,75,1.3
20705,13/04/2004,2004,SB,F,A,no,yes,coy,70.8258,-145.9905,2,C0,13.5,0.95
20710,13/04/2004,2004,SB,M,S,unknown,no,NA,70.6717,-147.7431,NA,NA,5.5,0.8
20230,14/04/2004,2004,SB,F,A,no,no,older cubs,70.8005,-146.9373,1,C1,3,1.05
20714,16/04/2004,2004,SB,F,S,unknown,no,NA,70.7844,-148.7412,NA,NA,5,1.35
20721,17/04/2004,2004,SB,F,A,no,yes,coy,70.5792,-145.7824,1,C0,5.5,1.6
20475,18/04/2004,2004,SB,M,A,unknown,no,NA,70.6045,-146.788,NA,NA,2.5,1.3
20725,19/04/2004,2004,SB,M,A,unknown,no,NA,70.9546,-147.0779,NA,NA,5,1.45
20424,21/04/2004,2004,SB,M,A,unknown,no,NA,70.5238,-145.6248,NA,NA,37,1.6
20224,23/04/2004,2004,SB,F,A,unknown,no,older cubs,70.572,-147.762,1,C2,48.5,1.1
20539,23/04/2004,2004,SB,M,A,unknown,no,NA,70.8126,-144.899,NA,NA,6.5,1.65
20419,25/04/2004,2004,SB,F,A,unknown,no,older cubs,70.2498,-143.019,3,C2,15.5,1.25
20228,26/04/2004,2004,SB,F,A,unknown,unknown,NA,70.2121,-143.4339,NA,NA,28,1.05
20739,26/04/2004,2004,SB,F,A,unknown,unknown,NA,70.2315,-142.3564,NA,NA,12,1.2
20177,26/04/2004,2004,SB,M,S,unknown,no,NA,70.2317,-143.1642,NA,NA,10,1.25
20741,27/04/2004,2004,SB,F,S,unknown,no,NA,70.2217,-142.7395,NA,NA,3,0.8
20486,27/04/2004,2004,SB,M,A,unknown,no,NA,70.5487,-142.5592,NA,NA,21.5,0.8
20156,27/04/2004,2004,SB,M,S,unknown,no,NA,70.3592,-142.9495,NA,NA,7.5,1.3
20128,30/04/2004,2004,SB,F,A,no,yes,coy,70.3265,-142.5413,2,C0,11,1
20155,01/05/2004,2004,SB,F,S,unknown,no,NA,70.2807,-141.8666,NA,NA,14.5,0.8
20465,02/05/2004,2004,SB,F,A,no,yes,coy,71.0021,-143.489,2,C0,40.5,0.75
20174,02/05/2004,2004,SB,M,A,unknown,no,NA,70.6435,-142.6495,NA,NA,10,1.45
20762,29/03/2005,2005,SB,M,A,unknown,no,NA,71.7816,-156.1801,NA,NA,2.5,1.5
6119,30/03/2005,2005,SB,F,A,unknown,unknown,NA,71.1096,-153.5126,NA,NA,4,0.75
20765,31/03/2005,2005,SB,M,A,yes,no,NA,71.7123,-154.7825,NA,NA,5.5,1.4
20694,01/04/2005,2005,SB,F,A,yes,unknown,NA,71.6468,-154.746,NA,NA,5.5,1.3
20768,04/04/2005,2005,SB,F,S,unknown,no,NA,71.6418,-154.9513,NA,NA,10,0.8
20769,05/04/2005,2005,SB,F,A,no,yes,coy,71.5226,-156.4524,2,C0,34,0.9
20772,05/04/2005,2005,SB,M,A,unknown,no,NA,71.5755,-156.4095,NA,NA,5,1.35
20774,06/04/2005,2005,SB,F,A,unknown,no,older cubs,71.3973,-156.8235,2,C2,20,0.85
20777,06/04/2005,2005,SB,M,S,unknown,no,NA,71.7627,-155.0471,NA,NA,1,1
20173,06/04/2005,2005,SB,M,A,unknown,no,NA,71.5577,-155.8628,NA,NA,6.5,1.25
20773,06/04/2005,2005,SB,M,A,yes,no,NA,71.3873,-156.7515,NA,NA,5,1.7
20597,10/04/2005,2005,SB,F,A,no,yes,coy,70.5348,-147.917,3,C0,7.5,1.2
20480,12/04/2005,2005,SB,F,A,no,yes,coy,70.4097,-147.4146,2,C0,1,1.1
20784,12/04/2005,2005,SB,F,A,unknown,unknown,NA,70.9258,-148.1447,NA,NA,13,0.75
20783,12/04/2005,2005,SB,F,A,unknown,unknown,NA,70.5263,-146.1972,NA,NA,10.5,1.1
20176,12/04/2005,2005,SB,F,A,unknown,unknown,NA,70.6331,-146.352,NA,NA,12.5,1.35
20791,13/04/2005,2005,SB,F,A,no,yes,coy,70.555,-148.0835,2,C0,16,1
20786,13/04/2005,2005,SB,M,A,yes,no,NA,70.8773,-148.9353,NA,NA,4.5,1.4
20792,14/04/2005,2005,SB,F,A,no,no,older cubs,70.8324,-150.6558,1,C1,10,1.1
6336,14/04/2005,2005,SB,F,A,unknown,no,older cubs,71.7027,-153.7671,2,C2,6,0.9
20797,15/04/2005,2005,SB,F,A,no,yes,coy,71.2364,-155.1774,2,C0,4.5,1.2
20678,15/04/2005,2005,SB,M,A,yes,no,NA,71.1631,-154.8606,NA,NA,5,1.25
20184,15/04/2005,2005,SB,M,A,unknown,no,NA,71.0682,-153.6963,NA,NA,6,1.35
20665,17/04/2005,2005,SB,M,A,yes,no,NA,70.9402,-148.1251,NA,NA,10.5,1.1
20802,17/04/2005,2005,SB,M,A,yes,no,NA,70.889,-147.8691,NA,NA,5.5,1.3
20419,18/04/2005,2005,SB,F,A,unknown,no,temp,70.9044,-148.6147,NA,NA,10.5,1.15
6836,23/04/2005,2005,SB,F,A,no,yes,coy,70.3457,-146.7075,2,C0,38,0.9
20824,31/03/2006,2006,SB,M,S,unknown,no,NA,71.5592,-156.2142,NA,NA,9.5,0.8
20561,31/03/2006,2006,SB,M,A,unknown,no,NA,71.6041,-155.6009,NA,NA,4.5,1.45
20299,03/04/2006,2006,SB,F,A,unknown,no,older cubs,71.575,-156.9228,2,C2,4,1.1
20714,03/04/2006,2006,SB,F,A,unknown,unknown,NA,71.6691,-156.7227,NA,NA,3,1.15
20173,04/04/2006,2006,SB,M,A,unknown,no,NA,71.5526,-155.93,NA,NA,5,1.4
20832,06/04/2006,2006,SB,F,A,no,no,older cubs,71.8666,-156.7557,2,C1,9.5,1.05
32261,06/04/2006,2006,SB,M,A,yes,no,NA,71.6311,-154.8622,NA,NA,6.5,0.9
20837,07/04/2006,2006,SB,F,S,unknown,no,NA,71.5013,-155.2696,NA,NA,34.5,0.85
20840,12/04/2006,2006,SB,F,A,no,yes,coy,70.4325,-147.2314,2,C0,27.5,0.8
20132,12/04/2006,2006,SB,F,A,unknown,unknown,NA,70.6938,-147.4935,NA,NA,8,0.7
20479,13/04/2006,2006,SB,F,A,unknown,unknown,NA,70.4264,-147.2688,NA,NA,7,1.1
20413,17/04/2006,2006,SB,F,A,no,no,older cubs,70.7465,-148.6902,1,C1,3,1.1
20846,18/04/2006,2006,SB,F,A,no,no,older cubs,70.4387,-145.852,2,C1,4,1.15
20733,18/04/2006,2006,SB,M,S,unknown,no,NA,70.4994,-145.3196,NA,NA,22.5,1.15
20849,19/04/2006,2006,SB,M,A,unknown,no,NA,70.5696,-145.8476,NA,NA,11,1.35
20656,20/04/2006,2006,SB,F,A,unknown,unknown,NA,70.8188,-147.6083,NA,NA,19,0.7
20758,21/04/2006,2006,SB,F,S,unknown,no,NA,70.877,-148.8838,NA,NA,28,0.7
20497,21/04/2006,2006,SB,M,A,unknown,no,NA,70.6243,-147.8322,NA,NA,11,0.85
20151,21/04/2006,2006,SB,M,S,unknown,no,NA,70.9024,-149.1865,NA,NA,13.5,0.9
20853,25/04/2006,2006,SB,M,A,yes,no,NA,70.8855,-148.8846,NA,NA,4,1.45
20553,25/04/2006,2006,SB,M,A,unknown,no,NA,70.8645,-148.9415,NA,NA,11.67,1.5
20854,30/04/2006,2006,SB,M,S,unknown,no,NA,70.9229,-149.6239,NA,NA,7,0.6
20751,30/04/2006,2006,SB,M,A,unknown,no,NA,70.9835,-148.9709,NA,NA,28.5,1.15
20442,01/05/2006,2006,SB,F,A,unknown,unknown,NA,70.7684,-148.8671,NA,NA,6,0.65
20742,01/05/2006,2006,SB,M,A,unknown,no,NA,71.112,-149.0151,NA,NA,15,1.45
20555,02/05/2006,2006,SB,M,A,unknown,no,NA,70.7432,-148.8537,NA,NA,8,1.15
20125,02/05/2006,2006,SB,M,A,unknown,no,NA,70.6904,-148.2047,NA,NA,17,1.3
20859,03/05/2006,2006,SB,F,S,unknown,no,NA,70.8965,-150.1169,NA,NA,44,0.95
6520,04/05/2006,2006,SB,F,A,no,no,older cubs,70.6882,-149.4127,1,C1,3.5,0.8
6836,04/05/2006,2006,SB,F,A,unknown,unknown,NA,70.7124,-149.0668,NA,NA,46.5,0.95
20112,08/05/2006,2006,SB,F,A,unknown,unknown,NA,70.7826,-149.5062,NA,NA,23,0.85
20865,09/05/2006,2006,SB,F,A,unknown,unknown,NA,70.532,-147.2488,NA,NA,7,0.8
20866,29/03/2007,2007,SB,F,A,no,no,older cubs,71.5026,-156.724,2,C1,11,1.1
20459,30/03/2007,2007,SB,F,A,no,yes,coy,71.1869,-152.5244,2,C0,5,1
20869,31/03/2007,2007,SB,F,A,no,yes,coy,71.1576,-153.9612,2,c0,8,1.35
20876,01/04/2007,2007,SB,F,A,no,yes,coy,71.1445,-153.3283,1,C0,5,1.3
20206,01/04/2007,2007,SB,M,A,unknown,no,NA,71.1763,-152.1349,NA,NA,28.5,1.55
20202,03/04/2007,2007,SB,F,A,yes,unknown,NA,71.0056,-150.7585,NA,NA,26.5,0.8
20497,03/04/2007,2007,SB,M,A,yes,no,NA,71.0056,-150.7585,NA,NA,16,1.1
6336,04/04/2007,2007,SB,F,A,yes,unknown,NA,71.6401,-157.5778,NA,NA,5,0.75
20548,06/04/2007,2007,SB,F,A,unknown,unknown,NA,71.4802,-155.5284,NA,NA,9,0.85
20881,06/04/2007,2007,SB,M,A,unknown,no,NA,71.5142,-155.8249,NA,NA,2,1.23
20617,06/04/2007,2007,SB,M,A,unknown,no,NA,71.4553,-155.9221,NA,NA,5.5,1.3
20885,10/04/2007,2007,SB,M,A,unknown,no,NA,71.0023,-149.8123,NA,NA,8,1.4
20886,11/04/2007,2007,SB,M,A,yes,no,NA,70.6239,-148.8607,NA,NA,4.5,0.95
20892,13/04/2007,2007,SB,F,A,unknown,unknown,NA,70.7452,-148.7184,NA,NA,9,0.7
20354,13/04/2007,2007,SB,F,A,unknown,unknown,NA,70.7672,-148.8568,NA,NA,8.5,0.75
20131,16/04/2007,2007,SB,F,A,unknown,unknown,NA,70.7387,-148.5567,NA,NA,3.5,0.9
20156,16/04/2007,2007,SB,M,A,unknown,no,NA,70.7215,-148.4604,NA,NA,2,1.05
20446,17/04/2007,2007,SB,F,A,yes,unknown,NA,70.7235,-149.2634,NA,NA,8.5,0.75
20110,17/04/2007,2007,SB,M,A,yes,no,NA,70.7235,-149.2634,NA,NA,11,1.2
20895,19/04/2007,2007,SB,M,A,unknown,no,NA,70.7224,-148.6163,NA,NA,4,0.95
32600,26/04/2007,2007,SB,M,S,unknown,no,NA,70.2637,-144.101,NA,NA,44,0.6
20571,26/04/2007,2007,SB,M,A,yes,no,NA,70.2205,-143.6429,NA,NA,18.5,1.35
20519,28/04/2007,2007,SB,F,A,no,yes,coy,70.0441,-142.5135,2,C0,4,0.85
32647,29/04/2007,2007,SB,M,S,unknown,no,NA,70.4832,-143.7246,NA,NA,5,0.8
20485,29/04/2007,2007,SB,F,A,yes,unknown,NA,70.383,-143.6788,NA,NA,13,0.9
20424,04/05/2007,2007,SB,M,A,unknown,no,NA,70.2054,-144.4843,NA,NA,5.5,1.75
20905,07/05/2007,2007,SB,F,A,no,yes,coy,70.1435,-142.8587,2,C0,16.5,0.75
20901,07/05/2007,2007,SB,F,A,unknown,unknown,NA,70.2961,-141.0168,NA,NA,17,0.75
20555,07/05/2007,2007,SB,M,A,unknown,no,NA,70.3637,-143.7271,NA,NA,12,1.35
20116,27/03/2008,2008,CS,F,A,no,no,older cubs,68.0295,-165.7898,1,C1,11,0.7
21052,29/03/2008,2008,CS,F,A,unknown,no,older cubs,68.9914,-166.0419,1,c2,12.5,0.55
20918,03/04/2008,2008,SB,M,S,unknown,no,NA,71.4934,-155.107,NA,NA,28,0.65
21053,08/04/2008,2008,CS,M,S,unknown,no,NA,66.941,-165.1566,NA,NA,22,0.5
21054,08/04/2008,2008,CS,M,S,unknown,no,NA,66.941,-165.1566,NA,NA,27,1
21056,08/04/2008,2008,CS,M,S ,yes,no,NA,67.0507,-165.7809,NA,NA,12,1.1
20182,09/04/2008,2008,SB,F,A,no,yes,coy,71.4658,-156.1059,1,C0,10,0.8
20925,09/04/2008,2008,SB,F,A,no,yes,coy,71.025,-152.9762,2,C0,5,1.1
21059,09/04/2008,2008,CS,M,S,yes,no,NA,67.1635,-165.9726,NA,NA,8.5,0.4
21061,09/04/2008,2008,CS,F,A,yes,unknown,NA,67.2514,-166.1725,NA,NA,13,0.55
21058,09/04/2008,2008,CS,M,S,yes,no,NA,67.1635,-165.9726,NA,NA,12,0.65
21062,09/04/2008,2008,CS,F,S,yes,no,NA,67.0716,-165.1965,NA,NA,23,0.7
21057,09/04/2008,2008,CS,F,A,yes,unknown,NA,67.0385,-165.8695,NA,NA,25,0.9
21060,10/04/2008,2008,CS,F,A,no,no,older cubs,67.3791,-166.4797,1,C1,18,0.95
20928,10/04/2008,2008,SB,M,A,yes,no,NA,71.4483,-156.255,NA,NA,4,1.15
21064,10/04/2008,2008,CS,M,A,unknown,no,NA,67.0827,-165.3627,NA,NA,11.5,1.25
21065,11/04/2008,2008,CS,M,S,unknown,no,NA,66.8019,-166.0281,NA,NA,19.5,0.7
21066,12/04/2008,2008,CS,F,S,unknown,no,NA,66.9407,-166.3815,NA,NA,29.5,0.7
20449,12/04/2008,2008,SB,M,A,yes,no,NA,71.138,-152.5865,NA,NA,5.5,1.1
20934,14/04/2008,2008,SB,F,S,unknown,no,NA,71.2756,-155.2374,NA,NA,53.5,0.95
20933,14/04/2008,2008,SB,M,A,unknown,no,NA,71.4493,-156.2865,NA,NA,19.5,1.05
21067,21/04/2008,2008,CS,M,S,unknown,no,NA,67.6032,-165.3539,NA,NA,21,0.35
21068,21/04/2008,2008,CS,F,S,unknown,no,NA,67.2442,-166.6199,NA,NA,20,0.5
21071,22/04/2008,2008,CS,M,A,unknown,no,NA,67.9646,-167.2905,NA,NA,23,0.95
21070,22/04/2008,2008,CS,M,A,unknown,no,NA,67.9225,-167.2924,NA,NA,31,1.1
21069,22/04/2008,2008,CS,M,A,unknown,no,NA,67.7445,-166.3719,NA,NA,34.5,1.25
20940,23/04/2008,2008,SB,F,S,unknown,no,NA,70.7983,-149.4836,NA,NA,45.5,0.65
21072,23/04/2008,2008,CS,M,A,unknown,no,NA,67.7612,-166.0712,NA,NA,29.5,1.1
20110,24/04/2008,2008,SB,M,A,unknown,no,NA,70.5428,-147.9224,NA,NA,11.5,1
21073,25/04/2008,2008,CS,F,S,unknown,no,NA,67.9043,-166.0771,NA,NA,22.5,0.4
21074,25/04/2008,2008,CS,M,S,unknown,no,NA,67.9043,-166.0771,NA,NA,33,0.6
21080,26/04/2008,2008,CS,F,A,no,no,NA,67.848,-166.0664,2,C1,37,0.55
20807,26/04/2008,2008,SB,F,S,unknown,no,NA,71.128,-152.7085,NA,NA,6.5,0.5
21077,26/04/2008,2008,CS,M,A,unknown,no,NA,67.7898,-166.1592,NA,NA,11.33,0.9
21078,26/04/2008,2008,CS,F,A,yes,unknown,NA,67.7991,-166.0702,NA,NA,31.5,0.95
21079,26/04/2008,2008,CS,M,A,yes,no,NA,67.7991,-166.0702,NA,NA,20.5,1.05
21076,26/04/2008,2008,CS,M,A,unknown,no,NA,67.8957,-166.8762,NA,NA,7,1.6
21083,28/04/2008,2008,CS,F,A,unknown,unknown,NA,67.6532,-166.5486,NA,NA,34,0.6
21084,29/04/2008,2008,CS,F,A,unknown,unknown,NA,67.8864,-166.7846,NA,NA,45.5,0.75
20951,10/05/2008,2008,SB,F,A,no,yes,coy,70.3098,-143.4624,2,C0,24,0.8
20954,10/05/2008,2008,SB,M,A,yes,no,NA,70.2708,-143.4811,NA,NA,4,0.8
20437,13/05/2008,2008,SB,M,A,unknown,no,NA,70.3518,-144.5097,NA,NA,4,1.2
20959,14/05/2008,2008,SB,M,S,unknown,no,NA,70.5734,-143.1696,NA,NA,24.5,0.45
20960,15/05/2008,2008,SB,F,S,unknown,no,NA,70.2958,-144.3397,NA,NA,10.5,0.8
20963,19/05/2008,2008,SB,F,A,unknown,unknown,NA,70.4774,-143.7463,NA,NA,14,0.75
20342,19/05/2008,2008,SB,M,A,unknown,no,NA,70.43,-143.75,NA,NA,9.5,0.8
20962,19/05/2008,2008,SB,F,S,unknown,no,NA,70.3668,-142.6539,NA,NA,26.5,0.95
10105,20/05/2008,2008,SB,M,A,unknown,no,NA,70.6316,-143.6635,NA,NA,9.5,1.05
20986,24/03/2009,2009,SB,M,A,unknown,no,NA,71.4808,-156.0041,NA,NA,7,1.25
20987,25/03/2009,2009,SB,M,A,unknown,no,NA,71.4121,-156.4754,NA,NA,6,1.65
20988,27/03/2009,2009,SB,M,A,unknown,no,NA,71.6422,-155.1888,NA,NA,4,1.35
20925,27/03/2009,2009,SB,F,A,unknown,no,temp,71.5049,-155.7022,NA,NA,36,1.2
20989,28/03/2009,2009,SB,F,A,unknown,yes,lactating,71.4593,-156.1482,NA,NA,2,1.25
20991,28/03/2009,2009,SB,M,A,unknown,no,NA,71.4386,-156.4405,NA,NA,21,1
20990,28/03/2009,2009,SB,M,A,unknown,no,NA,71.4682,-156.1947,NA,NA,22.5,1.1
20668,01/04/2009,2009,SB,M,A,unknown,no,NA,71.4448,-156.41,NA,NA,3,1.75
21002,01/04/2009,2009,SB,M,A,unknown,no,NA,71.4857,-156.2614,NA,NA,5.5,1.75
21088,02/04/2009,2009,CS,F,S,unknown,no,NA,67.9733,-167.3296,NA,NA,17.5,0.75
21003,02/04/2009,2009,SB,F,S,unknown,no,NA,71.4558,-156.3452,NA,NA,9.5,0.85
20733,02/04/2009,2009,SB,M,A,unknown,no,NA,71.4618,-156.2802,NA,NA,14,0.9
21089,02/04/2009,2009,CS,F,A,unknown,unknown,NA,68.045,-167.0538,NA,NA,7,1.15
21090,02/04/2009,2009,CS,M,A,unknown,no,NA,68.045,-167.0538,NA,NA,12,1.7
21004,03/04/2009,2009,SB,F,A,no,no,older cubs,71.5021,-155.7594,1,C1,11,1.2
21091,03/04/2009,2009,CS,F,A,unknown,unknown,NA,67.8367,-166.9271,NA,NA,30,0.9
20473,03/04/2009,2009,SB,M,A,unknown,no,NA,71.6669,-156.207,NA,NA,24.5,1.25
21093,03/04/2009,2009,CS,M,S,unknown,no,NA,67.5698,-167.4164,NA,NA,37,1.25
21092,03/04/2009,2009,CS,M,A,unknown,no,NA,67.8367,-166.9271,NA,NA,16.5,2.55
21007,04/04/2009,2009,SB,M,A,unknown,no,NA,71.666,-157.2911,NA,NA,15,1.05
21006,04/04/2009,2009,SB,F,A,unknown,unknown,NA,71.5043,-155.3864,NA,NA,23.5,1.05
21094,04/04/2009,2009,CS,M,A,unknown,no,NA,67.5906,-167.6595,NA,NA,20,1.6
21095,04/04/2009,2009,CS,M,A,unknown,no,NA,67.7233,-167.5492,NA,NA,7,1.7
21098,05/04/2009,2009,CS,F,S,unknown,no,NA,67.9874,-166.8562,NA,NA,43.5,0.75
21096,05/04/2009,2009,CS,M,S,unknown,no,NA,67.596,-166.0852,NA,NA,34.5,1.15
21097,05/04/2009,2009,CS,M,A,unknown,no,NA,68.1102,-167.0844,NA,NA,20.5,1.45
21101,06/04/2009,2009,CS,F,A,unknown,unknown,NA,68.0843,-167.1123,NA,NA,49,1.15
21099,06/04/2009,2009,CS,M,A,unknown,no,NA,68.0437,-166.3526,NA,NA,40.5,1.5
21100,06/04/2009,2009,CS,M,S ,unknown,no,NA,68.0437,-166.3526,NA,NA,40.5,1.8
20493,07/04/2009,2009,SB,F,A,no,yes,coy,70.1592,-143.3308,2,C0,2.5,1.6
20573,08/04/2009,2009,SB,F,A,no,yes,coy,69.6759,-141.0362,2,C0,6,1.4
20457,08/04/2009,2009,SB,M,A,unknown,no,NA,69.8327,-141.0963,NA,NA,19,1.85
20840,09/04/2009,2009,SB,F,A,no,yes,coy,70.6203,-143.393,2,C0,7.5,1.35
20586,09/04/2009,2009,SB,F,A,yes,unknown,NA,69.8831,-140.9434,NA,NA,5,1
32260,09/04/2009,2009,SB,M,A,yes,no,NA,69.8831,-140.9434,NA,NA,3,1.6
21015,10/04/2009,2009,SB,F,A,yes,unknown,NA,70.0947,-145.1543,NA,NA,13,1
20334,10/04/2009,2009,SB,M,A,yes,no,NA,70.0947,-145.1543,NA,NA,9.5,1.2
21102,12/04/2009,2009,CS,F,A,unknown,unknown,NA,67.761,-166.556,NA,NA,50,0.7
21103,12/04/2009,2009,CS,M,S,unknown,no,NA,68.3762,-167.2502,NA,NA,5.5,0.75
21081,12/04/2009,2009,CS,M,S,unknown,no,NA,68.0834,-166.91,NA,NA,10.5,1
20497,13/04/2009,2009,SB,M,A,unknown,no,NA,70.1737,-142.5755,NA,NA,16.5,0.9
21105,13/04/2009,2009,CS,F,A,unknown,unknown,NA,67.6154,-167.5724,NA,NA,24.5,1.2
20899,13/04/2009,2009,SB,M,A,unknown,no,NA,70.1982,-142.3874,NA,NA,6.5,1.35
21104,13/04/2009,2009,CS,M,A,unknown,no,NA,67.4666,-168.123,NA,NA,6.5,1.7
20688,15/04/2009,2009,CS,F,A,unknown,no,older cubs,67.7916,-165.8689,1,c2,20.5,1
21016,15/04/2009,2009,SB,F,A,no,yes,coy,69.9836,-142.3908,2,C0,4,1.45
21107,15/04/2009,2009,CS,M,A,unknown,no,NA,67.7759,-165.8556,NA,NA,11.5,1.55
20354,16/04/2009,2009,SB,F,A,no,yes,coy,70.7277,-145.3252,1,C0,29.5,0.65
21108,16/04/2009,2009,CS,M,S ,unknown,no,NA,68.2555,-166.8212,NA,NA,20.5,1.4
20563,16/04/2009,2009,SB,M,A,unknown,no,NA,70.8707,-145.7791,NA,NA,9.5,1.65
21109,17/04/2009,2009,CS,F,A,no,no,NA,67.6909,-165.4754,1,C1,39.5,0.7
20580,17/04/2009,2009,SB,M,A,unknown,no,NA,70.2022,-144.2941,NA,NA,14,1.45
20571,17/04/2009,2009,SB,M,A,unknown,no,NA,70.4621,-141.664,NA,NA,9,1.65
20195,17/04/2009,2009,SB,M,A,unknown,no,NA,70.3106,-143.9592,NA,NA,11.5,1.75
21020,17/04/2009,2009,SB,M,A,unknown,no,NA,70.7051,-142.2365,NA,NA,8.5,2.1
21112,18/04/2009,2009,CS,F,S ,unknown,no,older cubs,68.7471,-167.3192,2,C2,7.5,1.1
20915,18/04/2009,2009,SB,F,A,unknown,unknown,NA,70.1997,-143.8894,NA,NA,10.5,1.2
20449,18/04/2009,2009,SB,M,A,yes,no,NA,70.0949,-144.4981,NA,NA,5.5,1.65
32662,18/04/2009,2009,SB,M,A,yes,no,NA,70.1997,-143.8894,NA,NA,7,1.65
20333,19/04/2009,2009,SB,F,A,no,yes,coy,70.2029,-144.9327,1,C0,5,1.1
21116,19/04/2009,2009,CS,M,A,unknown,no,NA,68.4821,-168.0318,NA,NA,55,1.35
21115,19/04/2009,2009,CS,M,A,unknown,no,NA,68.3465,-168.221,NA,NA,15,1.4
20925,20/04/2009,2009,SB,F,A,unknown,unknown,NA,70.6209,-147.7127,NA,NA,35,0.65
21117,21/04/2009,2009,CS,F,A,unknown,unknown,NA,67.8605,-166.4745,NA,NA,50.5,0.8
21118,21/04/2009,2009,CS,M,A,unknown,no,NA,68.0391,-166.5654,NA,NA,25,1.65
20414,24/04/2009,2009,SB,F,A,no,no,older cubs,70.4133,-146.7111,2,C1,22,0.75
20413,24/04/2009,2009,SB,F,A,no,no,older cubs,70.286,-146.3747,2,C1,11,0.8
21024,25/04/2009,2009,SB,F,A,no,yes,coy,70.4684,-146.6511,1,C0,29,0.7
20606,25/04/2009,2009,SB,M,A,unknown,no,NA,70.5456,-147.9801,NA,NA,8.5,1.05
20424,26/04/2009,2009,SB,M,A,unknown,no,NA,70.5288,-146.4785,NA,NA,56.5,0.95
20184,26/04/2009,2009,SB,M,A,unknown,no,NA,70.8394,-149.1692,NA,NA,14,1.05
20534,27/04/2009,2009,SB,F,A,no,yes,temp,70.5503,-147.3865,1,C1,30,0.8
20479,27/04/2009,2009,SB,F,A,no,yes,coy,70.5437,-148.0062,2,C0,4.5,0.65
20132,28/04/2009,2009,SB,F,A,no,no,older cubs,70.5276,-148.0467,2,C1,12,1
21075,28/04/2009,2009,SB,M,A,unknown,no,NA,70.8112,-148.6865,NA,NA,20.5,0.5
21072,28/04/2009,2009,CS,M,A,unknown,no,NA,68.0064,-167.1978,NA,NA,8,1.45
21119,28/04/2009,2009,CS,M,A,unknown,no,NA,67.2627,-166.4334,NA,NA,21,1.5
32257,29/04/2009,2009,SB,F,A,no,yes,coy,71.0793,-151.2083,1,C0,20,0.65
20474,30/04/2009,2009,SB,F,A,no,no,temp,70.914,-150.4817,1,C1,24,0.7
21120,30/04/2009,2009,CS,F,A,unknown,unknown,NA,67.5877,-165.5358,NA,NA,39.5,0.9
20928,30/04/2009,2009,SB,M,A,yes,no,NA,71.026,-149.4104,NA,NA,10,1.05
20751,30/04/2009,2009,SB,M,A,yes,no,NA,71.0065,-149.3382,NA,NA,5,1.45
20901,30/04/2009,2009,SB,F,A,yes,yes,temp,71.026,-149.4104,NA,NA,8,0.75
20764,01/05/2009,2009,SB,F,A,no,yes,coy,70.837,-149.1815,1,C0,19.5,1.2
32261,01/05/2009,2009,SB,M,A,unknown,no,NA,71.0087,-149.4243,NA,NA,7,0.95
21121,01/05/2009,2009,CS,M,A,unknown,no,NA,68.0584,-167.6215,NA,NA,13,1
21030,03/05/2009,2009,SB,F,A,no,no,older cubs,70.515,-147.3042,1,C1,10,0.55
20218,03/05/2009,2009,SB,M,A,unknown,no,NA,70.5147,-147.3529,NA,NA,17.5,1.25
20157,06/05/2009,2009,SB,F,A,no,no,older cubs,70.6778,-148.2376,1,C1,11.5,0.6
21032,06/05/2009,2009,SB,M,A,unknown,no,NA,70.6319,-148.5118,NA,NA,24,1.05
32623,06/05/2009,2009,SB,M,A,unknown,no,NA,70.6319,-148.5118,NA,NA,18,1.15
21034,07/05/2009,2009,SB,M,A,unknown,no,NA,70.5107,-147.3514,NA,NA,11,1.25
21035,08/05/2009,2009,SB,F,A,no,yes,coy,70.7179,-147.8471,2,C0,25,0.7
32777,08/05/2009,2009,SB,F,A,yes,unknown,NA,70.6994,-147.657,NA,NA,20,0.9
20668,10/05/2009,2009,SB,M,A,unknown,no,NA,70.8847,-149.3275,NA,NA,23,0.8
20886,10/05/2009,2009,SB,M,A,unknown,no,NA,71.0126,-149.7205,NA,NA,31,0.85
20110,10/05/2009,2009,SB,M,A,unknown,no,NA,70.6878,-148.7676,NA,NA,13,1.1
20498,15/05/2009,2009,SB,M,A,unknown,no,NA,70.7934,-149.4693,NA,NA,17.5,1.25
20446,17/05/2009,2009,SB,F,A,no,yes,coy,70.1752,-142.732,1,C0,26,0.75
20951,17/05/2009,2009,SB,F,A,unknown,yes,temp,70.3222,-142.1349,NA,NA,33,0.85
32214,17/05/2009,2009,SB,F,A,unknown,yes,temp,70.213,-142.7284,NA,NA,11.67,0.87
20735,18/05/2009,2009,SB,F,A,no,yes,visual; temp,70.188,-142.7603,2,C0,4,0.8
21045,19/05/2009,2009,SB,F,A,no,yes,coy,70.7201,-148.1984,1,C0,29,0.5
20845,19/05/2009,2009,SB,F,S,yes,no,NA,70.6449,-147.9489,NA,NA,7.5,0.8
32376,19/05/2009,2009,SB,M,A,unknown,no,NA,70.6449,-147.9489,NA,NA,7,1.15
21137,16/03/2010,2010,CS,F,A,no,no,older cubs,67.0562,-165.4325,3,C1,10,0.8
21065,17/03/2010,2010,CS,M,A,unknown,no,NA,66.785,-166.2513,NA,NA,7,1.2
21141,17/03/2010,2010,CS,M,A,unknown,no,NA,66.9142,-165.7806,NA,NA,4,1.5
21057,17/03/2010,2010,CS,F,A,unknown,no,temp,66.8552,-165.4207,NA,NA,7,1.3
21143,19/03/2010,2010,CS,F,A,no,no,NA,68.0459,-167.0154,1,C1,41,1
21142,19/03/2010,2010,CS,M,A,unknown,no,NA,67.8525,-166.754,NA,NA,22,0.65
21109,20/03/2010,2010,CS,F,A,unknown,no,temp,67.9399,-166.4681,1,C2,25,0.6
20794,20/03/2010,2010,CS,F,A,unknown,unknown,NA,68.1083,-167.2171,NA,NA,31.5,0.75
21145,20/03/2010,2010,CS,M,S,unknown,no,NA,68.1083,-167.2171,NA,NA,16.5,0.95
21146,20/03/2010,2010,CS,M,S ,unknown,no,NA,68.0749,-166.9933,NA,NA,40.5,1.9
21024,26/03/2010,2010,SB,F,A,no,no,temp,71.4892,-154.4273,1,C1,10,1.1
21151,27/03/2010,2010,SB,M,S,unknown,no,NA,71.2001,-157.1749,NA,NA,3,1.05
21083,28/03/2010,2010,CS,F,A,no,no,temp,66.7764,-165.716,1,C1,36.5,0.75
21152,28/03/2010,2010,SB,F,A,no,no,older cubs,71.3864,-156.3834,2,C1,29.5,0.75
20776,29/03/2010,2010,SB,F,A,no,no,older cubs,70.9929,-158.4832,1,C1,5.33,1.07
21149,29/03/2010,2010,CS,M,S,unknown,no,NA,66.6537,-166.8729,NA,NA,9.5,1
21148,29/03/2010,2010,CS,M,A,unknown,no,NA,66.6667,-166.6829,NA,NA,7,1.55
21103,30/03/2010,2010,CS,M,A,unknown,no,NA,67.9086,-167.3345,NA,NA,7,0.7
21158,30/03/2010,2010,CS,F,A,unknown,unknown,NA,68.4512,-167.4168,NA,NA,9,0.9
20485,31/03/2010,2010,SB,F,A,unknown,no,temp,71.5759,-154.1925,1,C2,4,1.1
21159,31/03/2010,2010,CS,F,A,no,no,NA,68.13,-167.5376,2,C1,30,0.9
21157,31/03/2010,2010,SB,F,A,unknown,unknown,NA,71.9511,-156.4415,NA,NA,10.5,1
32376,31/03/2010,2010,SB,M,A,unknown,no,NA,71.5441,-155.28,NA,NA,3,1.2
20992,01/04/2010,2010,SB,F,A,no,no,older cubs,71.5071,-156.9909,1,C1,10.5,0.75
20879,01/04/2010,2010,CS,M,A,unknown,no,NA,67.3432,-164.2303,NA,NA,36,1.3
20449,01/04/2010,2010,SB,M,A,unknown,no,NA,71.458,-157.1393,NA,NA,7.5,1.35
21162,02/04/2010,2010,CS,F,A,unknown,unknown,NA,67.8782,-167.2109,NA,NA,11,0.5
20986,02/04/2010,2010,CS,M,A,unknown,no,NA,68.0555,-167.5691,NA,NA,7,1.3
21164,03/04/2010,2010,CS,F,A,no,no,NA,67.9876,-167.6197,2,C1,6.5,0.75
21167,04/04/2010,2010,CS,M,S,unknown,no,NA,67.5253,-164.9582,NA,NA,6,1
20994,04/04/2010,2010,SB,M,A,unknown,no,NA,71.944,-156.4606,NA,NA,7.67,1.03
21168,04/04/2010,2010,CS,M,A,unknown,no,NA,67.8946,-167.7502,NA,NA,43,1.6
21169,04/04/2010,2010,CS,M,A,unknown,no,NA,67.8946,-167.7502,NA,NA,19,3.45
20529,05/04/2010,2010,SB,F,A,no,yes,coy,71.4407,-156.4665,2,C0,3.67,1.23
21000,05/04/2010,2010,SB,F,A,no,yes,visual,71.2964,-156.8215,2,C0,4,1.6
20528,05/04/2010,2010,SB,F,A,no,no,older cubs,71.3701,-156.7254,3,C1,34.5,1.35
20878,06/04/2010,2010,SB,M,A,unknown,no,NA,71.7789,-155.5185,NA,NA,10.33,1.33
20859,08/04/2010,2010,SB,F,A,yes,unknown,NA,71.4068,-156.7573,NA,NA,23,1.17
20928,08/04/2010,2010,SB,M,A,yes,no,NA,71.5177,-155.9042,NA,NA,11.33,1.73
20932,08/04/2010,2010,SB,M,A,yes,no,NA,71.2874,-156.7573,NA,NA,7.67,2.3
20354,09/04/2010,2010,SB,F,A,no,no,temp,70.5958,-148.9281,1,C1,18,0.85
21171,09/04/2010,2010,CS,F,A,no,no,NA,67.8402,-167.3387,2,c1,9,0.75
21170,09/04/2010,2010,CS,M,A,unknown,no,NA,67.9149,-167.3499,NA,NA,8,0.9
21045,09/04/2010,2010,SB,F,A,unknown,no,temp,70.691,-147.9556,NA,NA,9.5,0.95
20423,11/04/2010,2010,SB,F,A,no,yes,coy,70.4088,-144.0434,3,C0,7,1.07
20606,11/04/2010,2010,SB,M,A,unknown,no,NA,70.1989,-144.6383,NA,NA,11,0.95
20195,11/04/2010,2010,SB,M,A,unknown,no,NA,70.4363,-144.7308,NA,NA,22,1.6
32366,12/04/2010,2010,SB,F,A,no,yes,coy,70.3688,-142.7168,2,C0,3,1.2
20972,12/04/2010,2010,SB,M,S,unknown,no,NA,70.2051,-142.8263,NA,NA,9,1.05
20475,13/04/2010,2010,SB,M,A,yes,no,NA,70.2718,-142.9081,NA,NA,2.67,1.1
20753,13/04/2010,2010,SB,M,A,unknown,no,NA,70.3704,-142.7076,NA,NA,5.67,1.37
20414,13/04/2010,2010,SB,F,A,yes,unknown,temp,70.2718,-142.9081,NA,NA,9.5,1.15
32267,14/04/2010,2010,SB,F,A,no,yes,coy,69.999,-141.3648,1,C0,18,0.95
20586,14/04/2010,2010,SB,F,A,no,yes,coy,70.0784,-145.1953,2,C0,24,1.17
32227,15/04/2010,2010,SB,F,A,no,yes,coy,70.0879,-141.2415,2,C0,15,1
21174,15/04/2010,2010,CS,F,A,no,no,NA,67.0222,-166.0706,2,C1,39.5,0.45
20726,15/04/2010,2010,SB,M,A,unknown,no,NA,70.1523,-141.3177,NA,NA,37.67,1.43
21178,16/04/2010,2010,CS,M,S,unknown,no,NA,67.8715,-166.4191,NA,NA,7,0.55
21022,16/04/2010,2010,SB,M,S ,unknown,no,NA,70.1891,-144.0368,NA,NA,16.67,0.63
21179,16/04/2010,2010,CS,M,A,unknown,no,NA,67.7619,-167.2495,NA,NA,14,1.1
21177,16/04/2010,2010,CS,M,S,unknown,no,NA,67.8715,-166.4191,NA,NA,7,1.2
20757,17/04/2010,2010,SB,M,A,unknown,no,NA,70.2487,-143.1266,NA,NA,24,1.3
20498,17/04/2010,2010,SB,M,A,unknown,no,NA,70.4063,-143.4562,NA,NA,11,1.47
21127,17/04/2010,2010,SB,M,A,yes,no,NA,70.5217,-142.3786,NA,NA,8.5,1.65
21219,18/04/2010,2010,SB,F,A,unknown,no,older cubs,70.9218,-143.0287,1,C2,10.5,0.95
21180,18/04/2010,2010,CS,F,A,no,no,NA,68.9127,-167.1229,3,C1,9.5,0.75
21015,18/04/2010,2010,SB,F,A,yes,yes,temp,69.6803,-139.791,NA,NA,5,1.45
21184,19/04/2010,2010,CS,F,S ,unknown,no,older cubs,67.0159,-166.239,1,C2,31.5,0.8
20424,19/04/2010,2010,SB,M,A,yes,no,NA,70.252,-145.7283,NA,NA,4,1.15
20965,19/04/2010,2010,SB,F,A,unknown,unknown,NA,70.252,-145.7283,NA,NA,9.67,1.2
21186,20/04/2010,2010,CS,M,A,unknown,no,NA,67.4239,-166.5114,NA,NA,18.5,1
21188,22/04/2010,2010,CS,F,A,no,no,NA,67.8414,-166.8412,1,C1,20.5,0.8
20132,22/04/2010,2010,SB,F,A,unknown,unknown,NA,70.1986,-142.5339,NA,NA,9.33,1.2
21107,22/04/2010,2010,CS,M,A,unknown,no,NA,67.9108,-167.223,NA,NA,11,1.25
21189,24/04/2010,2010,CS,M,A,unknown,no,NA,68.1113,-166.8555,NA,NA,7,1.1
21121,24/04/2010,2010,CS,M,A,unknown,no,NA,68.0399,-167.1437,NA,NA,10.5,1.2
32923,25/04/2010,2010,SB,F,A,yes,unknown,NA,71.0352,-148.6862,NA,NA,2,0.83
20125,25/04/2010,2010,SB,M,A,yes,no,NA,71.0352,-148.6862,NA,NA,8,1.63
21190,26/04/2010,2010,CS,F,A,no,no,NA,67.801,-165.4424,2,C1,30.5,0.65
20600,26/04/2010,2010,SB,F,A,unknown,unknown,NA,70.772,-148.4687,NA,NA,54,1.3
20913,26/04/2010,2010,SB,M,A,unknown,no,NA,70.8521,-148.435,NA,NA,12,1.55
21193,27/04/2010,2010,CS,F,A,unknown,unknown,NA,67.9721,-166.3382,NA,NA,19,1
21194,29/04/2010,2010,CS,F,A,no,no,NA,67.8062,-165.508,2,C1,34,0.5
21197,29/04/2010,2010,CS,F,A,no,no,NA,67.545,-165.5524,2,C1,22.5,0.55
21221,04/05/2010,2010,SB,F,A,unknown,unknown,NA,70.7953,-147.0478,NA,NA,21.5,0.55
21222,04/05/2010,2010,SB,M,A,unknown,no,NA,70.8584,-146.7222,NA,NA,8,0.95
21197,15/03/2011,2011,CS,F,A,unknown,no,temp,67.7147,-166.4682,2,C2,10,1.15
21200,15/03/2011,2011,CS,M,S ,unknown,no,NA,67.6922,-166.4866,NA,NA,8.5,2
21194,16/03/2011,2011,CS,F,A,unknown,no,temp,66.6702,-165.145,2,C2,7,2.75
21202,17/03/2011,2011,CS,F,S,unknown,no,NA,67.3198,-166.3747,NA,NA,10,1.75
21152,22/03/2011,2011,SB,F,A,unknown,no,older cubs,71.3674,-155.5162,1,C2,14.5,0.95
21229,23/03/2011,2011,SB,F,A,no,no,older cubs,71.0979,-154.1277,1,C1,30,1.3
21204,23/03/2011,2011,CS,M,S,unknown,no,NA,67.4116,-165.8026,NA,NA,4.33,0.83
21231,23/03/2011,2011,SB,M,A,unknown,no,NA,71.3845,-155.5743,NA,NA,17.5,1.45
21084,24/03/2011,2011,CS,F,S ,no,no,older cubs,67.5717,-165.0088,2,C1,35.5,1.1
21226,24/03/2011,2011,SB,F,S,unknown,no,NA,71.2947,-153.0767,NA,NA,11.5,0.75
21232,24/03/2011,2011,SB,M,S,unknown,no,NA,71.0384,-153.1466,NA,NA,17.5,1.05
21225,24/03/2011,2011,SB,M,A,unknown,no,NA,71.4593,-156.3436,NA,NA,8,1.3
21227,25/03/2011,2011,SB,M,A,unknown,no,NA,71.4645,-156.1371,NA,NA,2,1.43
21491,26/03/2011,2011,CS,F,S ,no,no,older cubs,67.6608,-165.4019,1,C1,13.5,0.95
21489,26/03/2011,2011,CS,F,A,no,no,older cubs,67.682,-165.6878,1,C1,8.5,1.15
21494,27/03/2011,2011,CS,F,S,unknown,no,NA,67.2711,-164.777,NA,NA,6.5,0.7
21493,27/03/2011,2011,CS,F,S,unknown,no,NA,67.6031,-165.0421,NA,NA,6,0.8
21233,28/03/2011,2011,SB,F,A,no,no,older cubs,71.4452,-156.3547,1,C1,3.67,1.33
21236,28/03/2011,2011,SB,F,S,unknown,no,NA,71.4347,-154.4157,NA,NA,15.5,0.7
21496,28/03/2011,2011,CS,F,S,unknown,no,NA,68.0114,-167.2153,NA,NA,22.5,0.75
21495,28/03/2011,2011,CS,M,S,unknown,no,NA,68.3222,-167.9161,NA,NA,9.5,1.1
21235,28/03/2011,2011,SB,M,A,unknown,no,NA,71.3852,-154.4112,NA,NA,7.5,1.3
21497,29/03/2011,2011,CS,M,S,unknown,no,NA,67.9572,-166.031,NA,NA,4,0.7
21237,29/03/2011,2011,SB,F,A,unknown,unknown,NA,71.4579,-156.3886,NA,NA,9,1.15
21238,29/03/2011,2011,SB,F,A,unknown,unknown,NA,71.4686,-155.8085,NA,NA,10.5,1.15
21064,29/03/2011,2011,CS,M,S ,unknown,no,NA,67.4689,-165.3102,NA,NA,11,1.27
21240,30/03/2011,2011,SB,F,A,unknown,no,older cubs,71.3418,-155.0497,2,C2,9,0.85
21498,30/03/2011,2011,CS,F,S,unknown,no,NA,67.1174,-165.9855,NA,NA,8.5,0.55
21499,30/03/2011,2011,CS,M,S,unknown,no,NA,67.2015,-165.9976,NA,NA,5,0.8
21239,30/03/2011,2011,SB,M,A,unknown,no,NA,71.1405,-153.6723,NA,NA,17.33,1.63
20938,31/03/2011,2011,SB,F,S,unknown,no,NA,70.5138,-147.7581,NA,NA,3,0.95
20475,01/04/2011,2011,SB,M,A,unknown,no,NA,70.2763,-143.6266,NA,NA,6,1.2
20631,01/04/2011,2011,SB,M,A,yes,no,NA,70.2781,-143.6153,NA,NA,19.5,1.25
20550,01/04/2011,2011,SB,M,A,unknown,no,NA,70.2242,-143.1792,NA,NA,2,1.33
6700,01/04/2011,2011,SB,F,A,yes,unknown,NA,70.2781,-143.6153,NA,NA,4,1.5
32366,02/04/2011,2011,SB,F,A,no,no,older cubs,70.1329,-142.0043,2,C1,4,1.2
21219,02/04/2011,2011,SB,F,A,unknown,unknown,NA,70.2243,-141.9394,NA,NA,6,1.5
20525,06/04/2011,2011,SB,F,A,no,no,older cubs,70.1657,-142.6082,2,C1,37,1.05
21500,06/04/2011,2011,CS,F,A,unknown,no,older cubs,67.0612,-166.1655,2,C2,45.5,1.15
21245,06/04/2011,2011,SB,F,S,unknown,no,NA,70.1423,-142.6029,NA,NA,37,1.05
32255,07/04/2011,2011,SB,F,A,no,no,older cubs,70.265,-144.4051,1,C1,11.5,1.05
21250,07/04/2011,2011,SB,M,S,unknown,no,NA,70.281,-144.4154,NA,NA,11,0.9
20935,07/04/2011,2011,SB,M,A,unknown,no,NA,70.275,-144.5285,NA,NA,6.5,1.35
21251,08/04/2011,2011,SB,F,A,no,no,older cubs,70.2606,-144.3387,1,C1,22.5,0.9
20971,08/04/2011,2011,SB,F,S,unknown,no,NA,70.2782,-145.0791,NA,NA,16,0.55
21503,09/04/2011,2011,CS,F,S,unknown,no,NA,67.2174,-166.1758,NA,NA,20.5,1.1
21090,09/04/2011,2011,CS,M,A,unknown,no,NA,67.3477,-165.7415,NA,NA,6,1.75
21504,10/04/2011,2011,CS,M,A,unknown,no,NA,67.5151,-166.1997,NA,NA,6,1.4
21505,11/04/2011,2011,CS,F,A,no,no,older cubs,67.2401,-165.7516,1,C1,9,1.2
21254,12/04/2011,2011,SB,M,A,unknown,no,NA,70.5153,-146.6442,NA,NA,30,0.95
21107,12/04/2011,2011,CS,M,A,unknown,no,NA,67.5304,-166.6238,NA,NA,5.6,1.56
20580,12/04/2011,2011,SB,M,A,unknown,no,NA,70.3379,-145.9041,NA,NA,14,1.6
21508,12/04/2011,2011,CS,M,A,unknown,no,NA,67.5016,-166.7739,NA,NA,33,1.75
21509,13/04/2011,2011,CS,F,S ,unknown,no,older cubs,67.1022,-165.3659,2,C2,5.5,1.1
21190,13/04/2011,2011,CS,F,A,unknown,no,temp,67.0933,-165.3439,2,C2,43,1.05
21512,14/04/2011,2011,CS,F,A,unknown,no,older cubs,66.5983,-165.2702,1,C2,11,1.05
21256,14/04/2011,2011,SB,M,S,unknown,no,NA,70.8458,-147.195,NA,NA,38.67,1
21507,14/04/2011,2011,CS,M,A,unknown,no,NA,66.5983,-165.2702,NA,NA,15.5,1.45
21054,14/04/2011,2011,CS,M,A,unknown,no,NA,66.5398,-165.5291,NA,NA,7,1.55
21260,16/04/2011,2011,SB,M,S,unknown,no,NA,70.6171,-144.8173,NA,NA,11.67,0.8
21515,17/04/2011,2011,CS,M,A,unknown,no,NA,66.5856,-166.2982,NA,NA,48,1.6
21186,17/04/2011,2011,CS,M,A,unknown,no,NA,66.6602,-166.1168,NA,NA,14.5,1.7
21520,20/04/2011,2011,CS,F,A,no,no,older cubs,66.9909,-165.4765,1,C1,25.5,1
21517,20/04/2011,2011,CS,M,S,unknown,no,NA,66.65,-165.9905,NA,NA,19,1
21519,20/04/2011,2011,CS,M,S,unknown,no,NA,66.7226,-166.3647,NA,NA,13,1.1
21518,20/04/2011,2011,CS,M,S,unknown,no,NA,66.5747,-166.7243,NA,NA,21,1.4
21522,21/04/2011,2011,CS,F,A,no,yes,coy,67.1724,-165.7836,1,c0,30.5,0.8
21524,21/04/2011,2011,CS,M,A,unknown,no,NA,66.7885,-166.159,NA,NA,7,1.35
21528,22/04/2011,2011,CS,F,A,no,no,older cubs,66.733,-165.4943,1,C1,11,1
21527,22/04/2011,2011,CS,F,S,unknown,no,NA,67.017,-166.0845,NA,NA,30.5,0.6
21525,22/04/2011,2011,CS,M,S,unknown,no,NA,67.0552,-165.2271,NA,NA,29,0.7
21526,22/04/2011,2011,CS,M,A,unknown,no,NA,67.1551,-166.5118,NA,NA,11,0.9
21530,24/04/2011,2011,CS,M,A,unknown,no,NA,67.3711,-165.6397,NA,NA,9,1.45
21532,25/04/2011,2011,CS,M,A,unknown,no,NA,66.5337,-165.7636,NA,NA,13,2.33
21083,27/04/2011,2011,CS,F,A,no,yes,coy,67.2025,-166.7636,1,C0,5.5,1.05
21533,27/04/2011,2011,CS,M,A,unknown,no,NA,67.4011,-166.6877,NA,NA,36,1.05
21536,27/04/2011,2011,CS,M,A,unknown,no,NA,67.2444,-166.6524,NA,NA,22,1.25
21538,28/04/2011,2011,CS,F,A,unknown,unknown,NA,67.3799,-166.2101,NA,NA,9.5,0.7
21274,21/03/2012,2012,SB,M,A,unknown,no,NA,71.4097,-156.5063,NA,NA,19.5,0.65
20229,21/03/2012,2012,SB,F,A,yes,unknown,NA,71.3735,-156.7003,NA,NA,3,0.8
21239,21/03/2012,2012,SB,M,A,yes,no,NA,71.3735,-156.7003,NA,NA,4,1.2
21275,22/03/2012,2012,SB,M,A,unknown,no,NA,71.5587,-156.2983,NA,NA,10,1
21277,26/03/2012,2012,SB,M,S,unknown,no,NA,71.3717,-156.8289,NA,NA,2,0.9
21278,27/03/2012,2012,SB,F,A,unknown,unknown,NA,71.5096,-155.5909,NA,NA,41.5,0.7
21279,27/03/2012,2012,SB,M,A,unknown,no,NA,71.5567,-155.6111,NA,NA,2,0.9
20994,28/03/2012,2012,SB,M,A,unknown,no,NA,71.546,-155.3105,NA,NA,9,1.25
21282,29/03/2012,2012,SB,M,A,unknown,no,NA,71.4565,-155.6256,NA,NA,3,1.2
21283,30/03/2012,2012,SB,F,A,no,yes,coy,71.4136,-156.6287,2,C0,4.5,0.7
20121,30/03/2012,2012,SB,M,A,unknown,no,NA,71.4666,-155.7469,NA,NA,4,1.2
21287,31/03/2012,2012,SB,F,S,unknown,no,NA,71.5785,-156.313,NA,NA,41.5,0.75
21291,31/03/2012,2012,SB,F,A,unknown,unknown,NA,71.5027,-156.014,NA,NA,32.5,0.8
21292,31/03/2012,2012,SB,F,S,unknown,no,NA,71.444,-156.2956,NA,NA,2,0.9
21290,31/03/2012,2012,SB,M,A,unknown,no,NA,71.6922,-155.8691,NA,NA,9,1.3
20935,01/04/2012,2012,SB,M,A,unknown,no,NA,71.5838,-154.3608,NA,NA,5,1.1
20520,04/04/2012,2012,SB,F,A,no,no,older cubs,70.1412,-143.0452,2,C1,9,1
20586,04/04/2012,2012,SB,F,A,yes,unknown,NA,70.2174,-143.5376,NA,NA,47,1.2
20556,04/04/2012,2012,SB,M,A,unknown,no,NA,70.1716,-143.3352,NA,NA,6.5,1.3
21075,04/04/2012,2012,SB,M,A,yes,no,NA,70.2174,-143.5376,NA,NA,27,1.5
21300,05/04/2012,2012,SB,F,A,unknown,unknown,NA,70.2344,-143.5384,NA,NA,22,0.95
21299,05/04/2012,2012,SB,F,A,unknown,unknown,NA,70.3988,-142.8249,NA,NA,12,1
21297,05/04/2012,2012,SB,M,A,unknown,no,NA,70.1428,-142.4866,NA,NA,10,1.25
21298,05/04/2012,2012,SB,M,A,unknown,no,NA,70.3393,-142.8039,NA,NA,8,1.3
32227,07/04/2012,2012,SB,F,A,unknown,no,older cubs,70.7671,-143.2587,1,C2,20.5,1.15
21015,07/04/2012,2012,SB,F,A,no,no,older cubs,70.3986,-143.6401,2,C1,6,1.15
99990,07/04/2012,2012,SB,M,A,unknown,no,NA,70.592,-143.4841,NA,NA,19,1.55
20819,08/04/2012,2012,SB,M,A,unknown,no,NA,70.6689,-143.5727,NA,NA,2,0.95
32621,08/04/2012,2012,SB,M,A,yes,no,NA,70.6553,-143.5828,NA,NA,4,1.15
20195,08/04/2012,2012,SB,M,A,unknown,no,NA,70.237,-143.311,NA,NA,19.5,1.65
20442,11/04/2012,2012,SB,F,A,unknown,no,older cubs,70.4101,-143.5282,2,C2,35,0.85
21296,11/04/2012,2012,SB,F,A,no,no,older cubs,70.4143,-143.5357,2,C1,24,1
32698,12/04/2012,2012,SB,F,A,no,yes,coy,70.1288,-145.4422,1,C0,16,1.05
21264,12/04/2012,2012,SB,F,A,no,yes,coy,70.1277,-145.7006,1,C0,4,1.5
21309,12/04/2012,2012,SB,F,A,no,yes,coy,70.0607,-144.3418,2,C0,14,0.45
21307,12/04/2012,2012,SB,F,A,unknown,unknown,NA,70.2225,-145.7732,NA,NA,13,0.65
21313,15/04/2012,2012,SB,F,A,no,no,older cubs,70.0336,-142.4398,2,C1,4.5,1.05
21011,15/04/2012,2012,SB,M,S,unknown,no,NA,70.0572,-142.7027,NA,NA,7,0.8
21312,15/04/2012,2012,SB,M,S,unknown,no,NA,70.1707,-143.1033,NA,NA,85.5,0.9
20967,15/04/2012,2012,SB,M,S,unknown,no,NA,70.206,-145.0632,NA,NA,17,1.05
21219,22/04/2012,2012,SB,F,A,no,yes,coy,70.9501,-149.1704,2,C0,37.5,1.15
21262,22/04/2012,2012,SB,M,S,unknown,no,NA,70.4957,-147.9701,NA,NA,9,0.8
20110,22/04/2012,2012,SB,M,A,unknown,no,NA,70.5645,-147.8443,NA,NA,17,1.1
20751,22/04/2012,2012,SB,M,A,unknown,no,NA,70.5181,-147.4362,NA,NA,20.5,1.35
21319,24/04/2012,2012,SB,M,A,unknown,no,NA,70.667,-148.3376,NA,NA,6,1.2
20482,24/04/2012,2012,SB,M,A,unknown,no,NA,70.6974,-147.7187,NA,NA,6.5,1.2
32364,26/04/2012,2012,SB,F,A,no,no,older cubs,70.6296,-147.5455,2,C1,22.5,1.15
21321,26/04/2012,2012,SB,M,S,unknown,no,NA,70.5672,-148.404,NA,NA,12.5,0.85
21322,26/04/2012,2012,SB,F,S,unknown,no,NA,70.5276,-147.9073,NA,NA,12,1.05
21032,26/04/2012,2012,SB,M,A,unknown,no,NA,70.5881,-147.6528,NA,NA,14,1.25
21269,26/04/2012,2012,SB,M,A,unknown,no,NA,70.4988,-147.3504,NA,NA,16,1.3
21325,27/04/2012,2012,SB,M,A,unknown,no,NA,70.5598,-148.4399,NA,NA,16,1
21540,18/03/2013,2013,CS,M,S,unknown,no,NA,66.9595,-168.0369,NA,NA,1,0.8
21543,19/03/2013,2013,CS,M,S,unknown,no,NA,67.7167,-165.9757,NA,NA,31.5,0.4
21545,19/03/2013,2013,CS,M,S,unknown,no,NA,67.4106,-165.8182,NA,NA,3,0.9
21546,20/03/2013,2013,CS,M,S,unknown,no,NA,67.4233,-165.6158,NA,NA,5,0.85
21548,21/03/2013,2013,CS,F,A,unknown,no,older cubs,67.32,-164.93,2,C2,20.5,0.65
21286,24/03/2013,2013,SB,F,A,unknown,unknown,NA,71.5416,-157.1659,NA,NA,26.5,0.95
21326,25/03/2013,2013,SB,M,A,unknown,no,NA,71.437,-156.4485,NA,NA,4,1.4
21551,26/03/2013,2013,CS,M,S,unknown,no,NA,67.2072,-166.4736,NA,NA,10.5,1.15
21327,28/03/2013,2013,SB,M,A,unknown,no,NA,71.5208,-156.7102,NA,NA,2,0.88
21328,28/03/2013,2013,SB,M ,A,unknown,no,NA,71.6289,-156.5205,NA,NA,4,1
21330,28/03/2013,2013,SB,M,A,yes,no,NA,71.4638,-155.8441,NA,NA,19.5,1.05
21329,28/03/2013,2013,SB,M,A,unknown,no,NA,71.5327,-156.5517,NA,NA,2,1.5
21333,29/03/2013,2013,SB,F,A,no,no,older cubs,71.5968,-154.9243,2,C1,7.5,1.25
21274,29/03/2013,2013,SB,M,A,unknown,no,NA,71.4812,-155.443,NA,NA,1,0.9
21337,31/03/2013,2013,SB,M,A,unknown,no,NA,71.8353,-155.7732,NA,NA,7,0.95
21222,31/03/2013,2013,SB,M,A,unknown,no,NA,71.4161,-156.4914,NA,NA,33.5,1.55
21336,31/03/2013,2013,SB,F,A,unknown,unknown,NA,71.5604,-156.3934,NA,NA,6,0.85
21339,01/04/2013,2013,SB,F,A,unknown,no,older cubs,71.6621,-155.4196,1,c2,19,0.7
20710,01/04/2013,2013,SB,M,A,unknown,no,NA,71.4483,-156.3575,NA,NA,2.5,1.05
21556,03/04/2013,2013,CS,F,A,no,no,older cubs,67.7912,-166.7429,1,C1,6.5,1
21558,03/04/2013,2013,CS,M,A,unknown,no,NA,67.9208,-167.0285,NA,NA,5,1.25
20201,04/04/2013,2013,SB,F,A,no,no,older cubs,70.4884,-147.9716,2,c2,12,0.95
21563,07/04/2013,2013,CS,F,S,unknown,no,NA,67.2805,-166.5138,NA,NA,2.5,0.75
21565,08/04/2013,2013,CS,F,A,unknown,unknown,NA,67.3247,-168.8431,NA,NA,14.5,0.8
21564,08/04/2013,2013,CS,M,A,unknown,no,NA,67.3206,-168.9121,NA,NA,19,0.8
21566,08/04/2013,2013,CS,M,A,unknown,no,NA,67.3247,-168.8431,NA,NA,12.5,1.3
21567,11/04/2013,2013,CS,F,A,no,no,older cubs,67.8725,-166.5034,2,C1,7,0.95
21570,12/04/2013,2013,CS,M,A,unknown,no,NA,66.9607,-168.4813,NA,NA,16.5,1.1
21344,13/04/2013,2013,SB,M,A,yes,no,NA,70.9684,-146.8871,NA,NA,4.5,1.15
20961,13/04/2013,2013,SB,F,A,yes,unknown,NA,70.9684,-146.8871,NA,NA,5,1.1
21573,14/04/2013,2013,CS,F,S ,unknown,unknown,NA,67.1452,-167.8927,NA,NA,6,0.8
21574,14/04/2013,2013,CS,M,A,unknown,no,NA,67.1504,-167.8018,NA,NA,14,1.1
21572,14/04/2013,2013,CS,M,A,unknown,no,NA,67.1132,-168.0707,NA,NA,9,1.15
21571,14/04/2013,2013,CS,M,A,unknown,no,NA,67.0188,-167.8511,NA,NA,6,1.35
21576,16/04/2013,2013,CS,M,S,unknown,no,NA,67.3051,-164.922,NA,NA,48.5,0.65
20525,17/04/2013,2013,SB,F,A,no,yes,coy,71.0041,-146.448,1,C0,19,1.8
21578,17/04/2013,2013,CS,M,A,unknown,no,NA,67.1521,-166.4706,NA,NA,8.5,1
21579,17/04/2013,2013,CS,M,S,unknown,no,NA,67.2547,-165.9295,NA,NA,9,1.35
21577,17/04/2013,2013,CS,M,A,unknown,no,NA,67.0036,-166.4875,NA,NA,20.5,1.4
21581,18/04/2013,2013,CS,M,A,unknown,no,NA,67.8748,-166.2175,NA,NA,70,1.05
21580,18/04/2013,2013,CS,M,A,unknown,no,NA,67.6636,-166.9075,NA,NA,15.5,1.5
21351,18/04/2013,2013,SB,F,A,unknown,unknown,NA,70.9483,-149.95,NA,NA,20.5,1.05
21586,27/04/2013,2013,CS,F,S,unknown,no,NA,67.3084,-165.7406,NA,NA,16,0.8
21587,27/04/2013,2013,CS,M,A,unknown,no,NA,67.4505,-165.389,NA,NA,37,0.8
21589,29/04/2013,2013,CS,F,A,unknown,unknown,NA,66.5962,-165.6383,NA,NA,11.5,0.85
21591,29/04/2013,2013,CS,M,A,unknown,no,NA,66.5986,-165.628,NA,NA,14.5,0.85
21588,29/04/2013,2013,CS,M,A,unknown,no,NA,66.7583,-165.744,NA,NA,8,0.95
21590,29/04/2013,2013,CS,M,A,unknown,no,NA,66.5962,-165.6383,NA,NA,7.5,1.25
21592,30/04/2013,2013,CS,F,A,unknown,unknown,NA,67.8644,-167.6005,NA,NA,13,0.8
21593,30/04/2013,2013,CS,M,A,unknown,no,NA,67.8644,-167.6005,NA,NA,10,1.6
21364,31/03/2014,2014,SB,F,A,no,no,older cubs,71.6659,-156.2063,1,C1,37.5,0.9
21366,06/04/2014,2014,SB,F,A,yes,unknown,NA,70.8731,-148.3105,NA,NA,3.5,0.85
20525,07/04/2014,2014,SB,F,A,no,no,older cubs,71.0721,-146.7139,1,C1,21,0.75
21367,07/04/2014,2014,SB,M,A,yes,no,NA,70.8796,-148.2898,NA,NA,5,0.95
21368,08/04/2014,2014,SB,F,A,yes,unknown,NA,70.5078,-147.9662,NA,NA,9.5,0.9
21369,09/04/2014,2014,SB,F,A,no,yes,coy,70.4005,-148.1287,2,c0,13,1.4
32261,09/04/2014,2014,SB,M ,A,unknown,no,NA,70.8455,-147.4522,NA,NA,28,1.3
21374,10/04/2014,2014,SB,F,A,yes,unknown,NA,70.5166,-146.7975,NA,NA,20,0.6
21376,11/04/2014,2014,SB,F,A,no,unknown,NA,71.0003,-146.2912,NA,NA,5,0.9
20110,12/04/2014,2014,SB,M,A,unknown,no,NA,71.1492,-149.7437,NA,NA,12.5,1.1
21380,13/04/2014,2014,SB,F,A,unknown,unknown,NA,70.5265,-148.2122,NA,NA,24,0.7
21366,14/04/2014,2014,SB,F,A,yes,unknown,NA,71.1787,-149.0974,NA,NA,14,0.8
21368,18/04/2014,2014,SB,F,A,yes,unknown,NA,70.6072,-148.1659,NA,NA,27.5,0.85
21374,19/04/2014,2014,SB,F,A,yes,unknown,NA,70.9794,-142.9954,NA,NA,8.5,0.7
21376,20/04/2014,2014,SB,F,A,no,unknown,NA,71.1332,-143.9239,NA,NA,5,1
21362,25/04/2014,2014,SB,M,A,unknown,no,NA,72.061,-155.0068,NA,NA,10.5,1.15
21598,25/03/2015,2015,CS,F,A,yes,unknown,NA,67.8303,-166.1394,NA,NA,4.5,1.15
21597,25/03/2015,2015,CS,M,A,yes,no,NA,67.8303,-166.1394,NA,NA,7,2.35
21599,26/03/2015,2015,CS,M,S ,unknown,no,NA,67.9588,-166.4163,NA,NA,3.5,1.35
21604,31/03/2015,2015,CS,F,A,yes,unknown,NA,66.9869,-166.5789,NA,NA,22.5,0.95
21194,01/04/2015,2015,CS,F,A,no,no,older cubs,67.2399,-164.661,2,C2,23.5,1.05
21392,01/04/2015,2015,SB,F,A,yes,unknown,NA,71.4955,-155.3802,NA,NA,23,0.75
20849,02/04/2015,2015,SB,M ,A,unknown,no,NA,71.4755,-156.1897,NA,NA,3,1.75
21608,02/04/2015,2015,CS,M,A,unknown,no,NA,67.7117,-165.7281,NA,NA,28,1.85
21609,03/04/2015,2015,CS,F,A,yes,unknown,NA,66.9181,-165.8623,NA,NA,18.25,1.13
21395,03/04/2015,2015,SB,M,A,yes,no,NA,71.4145,-156.2434,NA,NA,66,1.5
21274,04/04/2015,2015,SB,M,A,yes,no,NA,71.5756,-156.1176,NA,NA,6.5,1.35
21612,05/04/2015,2015,CS,M,A,unknown,no,NA,67.9573,-168.1298,NA,NA,13,0.85
21611,05/04/2015,2015,CS,M,A,unknown,no,NA,67.9464,-167.0457,NA,NA,33,2.05
21399,09/04/2015,2015,SB,F,A,unknown,unknown,NA,70.9314,-148.3836,NA,NA,3,0.65
21615,11/04/2015,2015,CS,F,A,yes,unknown,NA,67.9463,-168.2646,NA,NA,17,1.2
21343,11/04/2015,2015,SB,F,A,no,unknown,NA,70.5038,-148.7587,NA,NA,16.5,1
21617,12/04/2015,2015,CS,F,A,yes,unknown,NA,67.5179,-166.1725,NA,NA,14.5,0.75
21625,14/04/2015,2015,CS,M,S,unknown,no,NA,67.8417,-166.5676,NA,NA,35,0.8
21380,14/04/2015,2015,SB,F,A,yes,unknown,NA,70.734,-150.39,NA,NA,8.5,0.85
21276,14/04/2015,2015,SB,F,A,unknown,unknown,NA,70.3323,-146.6587,NA,NA,10.5,1.25
21627,15/04/2015,2015,CS,F,A,no,no,older cubs,67.7666,-166.288,2,C1,16.5,1.1
21630,16/04/2015,2015,CS,F,S ,no,no,older cubs,67.1572,-165.6446,2,C1,35.5,1.15
21169,16/04/2015,2015,CS,M,A,unknown,no,NA,67.2257,-165.2881,NA,NA,7.5,1.7
21633,17/04/2015,2015,CS,F,A,yes,unknown,NA,66.9173,-166.3201,NA,NA,13,0.65
20726,17/04/2015,2015,SB,M,A,yes,no,NA,70.5151,-147.7791,NA,NA,8,1.45
21249,17/04/2015,2015,SB,F,A,yes,unknown,NA,70.5151,-147.7791,NA,NA,9,0.8
21214,17/04/2015,2015,SB,F,A,yes,unknown,NA,70.3308,-146.6789,NA,NA,11.5,0.99
21399,20/04/2015,2015,SB,F,A,unknown,unknown,NA,71.6432,-150.9048,NA,NA,2.5,0.6
21343,20/04/2015,2015,SB,F,A,no,unknown,NA,70.7594,-148.1994,NA,NA,4,0.9
21502,21/04/2015,2015,CS,F,A,unknown,unknown,NA,67.508,-167.3421,NA,NA,22,0.75
21530,21/04/2015,2015,CS,M,A,unknown,no,NA,67.3711,-165.6397,NA,NA,16,1.4
32698,22/04/2015,2015,SB,F,A,no,yes,coy,70.1615,-145.5815,2,c0,18.5,0.7
22309,23/04/2015,2015,SB,F,A,no,yes,coy,70.3643,-147.0432,1,c0,5,1.35
20797,24/04/2015,2015,CS,F,S ,yes,unknown,NA,67.5425,-164.8772,NA,NA,27,0.85
21380,24/04/2015,2015,SB,F,A,yes,unknown,NA,71.0437,-150.7497,NA,NA,17,1
21643,27/04/2015,2015,CS,M,A,unknown,no,NA,67.3944,-166.5131,NA,NA,23,1.25
21645,28/04/2015,2015,CS,M,A,unknown,no,NA,68.0766,-167.7243,NA,NA,35.5,0.95
32366,06/05/2015,2015,SB,F,A,yes,unknown,NA,70.3351,-143.8495,NA,NA,16,1.7
21307,07/05/2015,2015,SB,F,A,no,no,older cubs,70.7088,-147.7898,1,c1,7.5,1.05
20110,21/03/2016,2016,SB,M,A,unknown,no,NA,71.4832,-155.63,NA,NA,3.5,1.25
21649,22/03/2016,2016,CS,f,A,yes,no,older cubs,66.9192,-166.6645,2,C2,10,0.9
21648,22/03/2016,2016,CS,m,A,yes,no,NA,66.7694,-166.4526,NA,NA,7.5,2.1
21652,25/03/2016,2016,CS,m,A,yes,no,NA,67.5385,-167.6616,NA,NA,6.5,0.85
21653,25/03/2016,2016,CS,m,A,unknown,no,NA,67.5187,-167.404,NA,NA,3,1.45
21654,26/03/2016,2016,CS,f,A,yes,no,older cubs,67.5723,-167.5972,1,C2,9,0.95
21199,26/03/2016,2016,CS,m,A,yes,no,NA,67.5527,-167.5903,NA,NA,2,1.25
22313,26/03/2016,2016,SB,M,A,unknown,no,NA,71.7132,-154.6385,NA,NA,25.5,1.35
22312,26/03/2016,2016,SB,F,A,unknown,unknown,NA,71.8647,-155.6243,NA,NA,8,0.85
20195,27/03/2016,2016,SB,M,A,unknown,no,NA,71.4961,-153.316,NA,NA,9,2.35
22314,27/03/2016,2016,SB,F,A,yes,unknown,NA,71.4961,-153.316,NA,NA,4.5,0.8
21656,28/03/2016,2016,CS,f,A,no,no,older cubs,67.5087,-167.8084,1,C1,4,1.1
21509,28/03/2016,2016,CS,f,S ,yes,no,older cubs,67.2679,-167.7453,2,C2,4,0.95
22315,28/03/2016,2016,SB,M,S,unknown,no,NA,71.4681,-153.7359,NA,NA,10,1
21604,29/03/2016,2016,CS,F,A,yes,unknown,NA,67.4176,-167.9318,NA,NA,20.5,0.8
22316,29/03/2016,2016,SB,M,A,unknown,no,NA,71.4635,-154.1153,NA,NA,4.5,1.05
20490,29/03/2016,2016,SB,M,A,unknown,no,NA,71.4646,-153.9198,NA,NA,2.5,1.35
21658,29/03/2016,2016,CS,m,A,unknown,no,NA,67.4107,-167.7084,NA,NA,9,1.45
21627,30/03/2016,2016,CS,f,A,no,no,older cubs,66.5936,-167.7258,2,C2,13.5,1.1
20971,01/04/2016,2016,SB,F,A,no,no,older cubs,70.6688,-147.0817,1,c2,4,0.9
21659,04/04/2016,2016,CS,m,S,no,no,NA,66.3633,-166.0672,NA,NA,12,0.75
21662,05/04/2016,2016,CS,f,A,no,no,older cubs,67.8209,-167.1943,2,C1,36,1.05
21661,05/04/2016,2016,CS,F,A,no,unknown,NA,67.6118,-166.2185,NA,NA,8,0.75
21660,05/04/2016,2016,CS,m,S,no,no,NA,67.5203,-166.0611,NA,NA,30,1
21523,05/04/2016,2016,CS,m,A,unknown,no,NA,67.6516,-166.4784,NA,NA,4.5,1.1
21180,06/04/2016,2016,CS,f,A,no,no,older cubs,67.0715,-166.4683,1,C1,35.5,0.95
21666,07/04/2016,2016,CS,F,A,no,no,older cubs,67.2601,-166.1235,2,C1,12.5,0.85
21669,07/04/2016,2016,CS,f,A,yes,unknown,NA,67.2416,-165.7575,NA,NA,38,0.9
21608,07/04/2016,2016,CS,M,A,yes,no,NA,67.0996,-166.4566,NA,NA,10.5,1.65
21670,08/04/2016,2016,CS,f,A,no,no,older cubs,67.4838,-167.6558,2,C1,2.5,0.8
21673,09/04/2016,2016,CS,F,A,no,no,older cubs,67.1089,-166.0737,2,C2,36.5,0.6
22305,09/04/2016,2016,SB,F,A,unknown,unknown,NA,70.7305,-147.7234,NA,NA,14.5,0.9
21676,10/04/2016,2016,CS,M,A,unknown,no,NA,67.406,-166.6951,NA,NA,28.5,1.45
21678,12/04/2016,2016,CS,f,A,yes,no,older cubs,66.5289,-167.5197,2,C2,25,0.8
21677,12/04/2016,2016,CS,M,A,unknown,no,NA,66.7081,-166.9778,NA,NA,24,1.2
21536,12/04/2016,2016,CS,M,A,yes,no,NA,67.2444,-166.6524,NA,NA,34.5,1.35
22318,12/04/2016,2016,SB,F,A,unknown,unknown,NA,70.8836,-146.388,NA,NA,2.5,1.15
21681,13/04/2016,2016,CS,F,A,no,no,older cubs,66.7379,-166.9146,1,C1,21.5,0.8
21684,13/04/2016,2016,CS,F,A,yes,unknown,NA,66.6547,-167.1709,NA,NA,18.5,0.85
21683,13/04/2016,2016,CS,M,A,yes,no,NA,66.6322,-167.1383,NA,NA,17,0.95
21692,14/04/2016,2016,CS,F,A,no,no,older cubs,67.0708,-166.8612,1,C2,23,0.85
21688,14/04/2016,2016,CS,F,A,no,no,older cubs,67.5238,-165.378,1,C1,15,0.95
21685,14/04/2016,2016,CS,F,A,no,no,older cubs,67.291,-166.4001,2,C1,25.5,0.9
21186,14/04/2016,2016,CS,M,A,yes,no,NA,67.513,-166.0492,NA,NA,21.5,1.7
21690,15/04/2016,2016,CS,F,A,no,no,older cubs,67.1753,-165.9317,1,C1,16,0.8
20480,17/04/2016,2016,SB,F,A,no,no,older cubs,70.7446,-149.3706,2,c1,8,0.75
22305,17/04/2016,2016,SB,F,A,unknown,unknown,NA,71.4971,-151.8965,NA,NA,10,0.95
22318,21/04/2016,2016,SB,F,A,unknown,unknown,NA,71.0812,-147.628,NA,NA,25.5,0.9
21403,22/04/2016,2016,SB,F,A,yes,unknown,NA,70.7253,-146.0833,NA,NA,27,0.7
21402,22/04/2016,2016,SB,F,A,unknown,unknown,NA,70.7202,-146.8342,NA,NA,39,0.9
21405,23/04/2016,2016,SB,M,A,unknown,no,NA,70.8202,-145.4322,NA,NA,36,1.15
21706,24/03/2017,2017,CS,F,25,unknown,unknown,NA,66.927,-165.5213,NA,NA,33.5,1.35
21705,24/03/2017,2017,CS,M,14,unknown,unknown,NA,66.9118,-166.7706,NA,NA,5.5,1.35
21708,25/03/2017,2017,CS,M,3,unknown,unknown,NA,66.7995,-165.9345,NA,NA,6.5,0.8
21707,25/03/2017,2017,CS,F,4,unknown,unknown,NA,67.045,-165.8064,NA,NA,16,1.15
21711,26/03/2017,2017,CS,F,16,unknown,unknown,NA,67.5907,-166.4286,2,c1,24.5,0.55
21710,26/03/2017,2017,CS,F,4,unknown,unknown,NA,67.5987,-166.4208,NA,NA,17.5,0.7
21725,31/03/2017,2017,CS,F,10,unknown,unknown,NA,67.5912,-166.8843,2,c1,20.5,0.8
21730,02/04/2017,2017,CS,F,18,unknown,unknown,NA,66.9965,-166.5012,NA,NA,40.5,1.15
21731,02/04/2017,2017,CS,M,18,unknown,unknown,NA,67.6165,-167.1062,NA,NA,7,1.55
21729,02/04/2017,2017,CS,M,15,unknown,unknown,NA,67.0124,-166.1543,NA,NA,25.5,1.75
21732,04/04/2017,2017,CS,M,4,unknown,unknown,NA,67.2015,-167.2237,NA,NA,38,0.8
21739,16/04/2017,2017,CS,F,13,unknown,unknown,NA,67.0585,-165.134,2,c1,29.5,0.65
21744,17/04/2017,2017,CS,M,3,unknown,unknown,NA,67.584,-165.9259,NA,NA,29,0.5
21632,17/04/2017,2017,CS,F,3,unknown,unknown,NA,66.9586,-165.3972,NA,NA,21.5,0.65
21623,17/04/2017,2017,CS,M,24,unknown,unknown,NA,67.013,-165.4505,NA,NA,25,0.8
